model,image,outcome,left_conf,right_conf,too_far,latency_s,annotated_path
singlestage_sahi_v1,alice_0.8m_left_occluded_turn_left_01_0022.png,none,0.0,0.0,False,4.10945,
singlestage_sahi_v2_cascade,alice_0.8m_left_occluded_turn_left_01_0022.png,none,0.0,0.0,False,8.95805,
twostage_fixedzoom,alice_0.8m_left_occluded_turn_left_01_0022.png,face_only,0.0,0.0,False,0.65687,sweep_out/twostage_fixedzoom/face_only_no_canthus/alice_0.8m_left_occluded_turn_left_01_0022__face_only.png
twostage_adaptivezoom,alice_0.8m_left_occluded_turn_left_01_0022.png,face_only,0.0,0.0,False,0.63964,sweep_out/twostage_adaptivezoom/face_only_no_canthus/alice_0.8m_left_occluded_turn_left_01_0022__face_only.png
tfake_landmark,alice_0.8m_left_occluded_turn_left_01_0022.png,none,0.0,0.0,False,0.11406,
singlestage_sahi_v1,alice_0.8m_left_occluded_turn_left_02_0023.png,none,0.0,0.0,False,4.03957,
singlestage_sahi_v2_cascade,alice_0.8m_left_occluded_turn_left_02_0023.png,none,0.0,0.0,False,8.51381,
twostage_fixedzoom,alice_0.8m_left_occluded_turn_left_02_0023.png,face_only,0.0,0.0,False,0.57996,sweep_out/twostage_fixedzoom/face_only_no_canthus/alice_0.8m_left_occluded_turn_left_02_0023__face_only.png
twostage_adaptivezoom,alice_0.8m_left_occluded_turn_left_02_0023.png,face_only,0.0,0.0,False,0.52786,sweep_out/twostage_adaptivezoom/face_only_no_canthus/alice_0.8m_left_occluded_turn_left_02_0023__face_only.png
tfake_landmark,alice_0.8m_left_occluded_turn_left_02_0023.png,none,0.0,0.0,False,0.12761,
singlestage_sahi_v1,alice_0.8m_left_occluded_turn_left_03_0024.png,none,0.0,0.0,False,4.06429,
singlestage_sahi_v2_cascade,alice_0.8m_left_occluded_turn_left_03_0024.png,none,0.0,0.0,False,7.9639,
twostage_fixedzoom,alice_0.8m_left_occluded_turn_left_03_0024.png,face_only,0.0,0.0,False,0.50412,sweep_out/twostage_fixedzoom/face_only_no_canthus/alice_0.8m_left_occluded_turn_left_03_0024__face_only.png
twostage_adaptivezoom,alice_0.8m_left_occluded_turn_left_03_0024.png,face_only,0.0,0.0,False,0.44902,sweep_out/twostage_adaptivezoom/face_only_no_canthus/alice_0.8m_left_occluded_turn_left_03_0024__face_only.png
tfake_landmark,alice_0.8m_left_occluded_turn_left_03_0024.png,none,0.0,0.0,False,0.11686,
singlestage_sahi_v1,alice_0.8m_left_occluded_turn_right_01_0016.png,none,0.0,0.0,False,4.22711,
singlestage_sahi_v2_cascade,alice_0.8m_left_occluded_turn_right_01_0016.png,none,0.0,0.0,False,8.39069,
twostage_fixedzoom,alice_0.8m_left_occluded_turn_right_01_0016.png,none,0.0,0.0,False,0.31666,
twostage_adaptivezoom,alice_0.8m_left_occluded_turn_right_01_0016.png,none,0.0,0.0,False,0.38799,
tfake_landmark,alice_0.8m_left_occluded_turn_right_01_0016.png,none,0.0,0.0,False,0.1218,
singlestage_sahi_v1,alice_0.8m_left_occluded_turn_right_02_0017.png,none,0.0,0.0,False,4.07082,
singlestage_sahi_v2_cascade,alice_0.8m_left_occluded_turn_right_02_0017.png,left_only,0.2741,0.0,False,8.17313,sweep_out/singlestage_sahi_v2_cascade/annotated/alice_0.8m_left_occluded_turn_right_02_0017__left_only.png
twostage_fixedzoom,alice_0.8m_left_occluded_turn_right_02_0017.png,none,0.0,0.0,False,0.31197,
twostage_adaptivezoom,alice_0.8m_left_occluded_turn_right_02_0017.png,none,0.0,0.0,False,0.31058,
tfake_landmark,alice_0.8m_left_occluded_turn_right_02_0017.png,none,0.0,0.0,False,0.10769,
singlestage_sahi_v1,alice_0.8m_left_occluded_turn_right_03_0018.png,none,0.0,0.0,False,4.01589,
singlestage_sahi_v2_cascade,alice_0.8m_left_occluded_turn_right_03_0018.png,none,0.0,0.0,False,9.01293,
twostage_fixedzoom,alice_0.8m_left_occluded_turn_right_03_0018.png,none,0.0,0.0,False,0.37774,
twostage_adaptivezoom,alice_0.8m_left_occluded_turn_right_03_0018.png,none,0.0,0.0,False,0.31908,
tfake_landmark,alice_0.8m_left_occluded_turn_right_03_0018.png,none,0.0,0.0,False,0.14563,
singlestage_sahi_v1,alice_0.8m_near_left_01_0007.png,none,0.0,0.0,False,4.11604,
singlestage_sahi_v2_cascade,alice_0.8m_near_left_01_0007.png,none,0.0,0.0,False,8.61688,
twostage_fixedzoom,alice_0.8m_near_left_01_0007.png,none,0.0,0.0,False,0.31585,
twostage_adaptivezoom,alice_0.8m_near_left_01_0007.png,none,0.0,0.0,False,0.38636,
tfake_landmark,alice_0.8m_near_left_01_0007.png,none,0.0,0.0,False,0.13281,
singlestage_sahi_v1,alice_0.8m_near_left_02_0008.png,none,0.0,0.0,False,3.95811,
singlestage_sahi_v2_cascade,alice_0.8m_near_left_02_0008.png,none,0.0,0.0,False,8.65201,
twostage_fixedzoom,alice_0.8m_near_left_02_0008.png,face_only,0.0,0.0,False,0.55103,sweep_out/twostage_fixedzoom/face_only_no_canthus/alice_0.8m_near_left_02_0008__face_only.png
twostage_adaptivezoom,alice_0.8m_near_left_02_0008.png,face_only,0.0,0.0,False,0.58404,sweep_out/twostage_adaptivezoom/face_only_no_canthus/alice_0.8m_near_left_02_0008__face_only.png
tfake_landmark,alice_0.8m_near_left_02_0008.png,none,0.0,0.0,False,0.10093,
singlestage_sahi_v1,alice_0.8m_near_left_03_0009.png,none,0.0,0.0,False,4.05709,
singlestage_sahi_v2_cascade,alice_0.8m_near_left_03_0009.png,none,0.0,0.0,False,8.65078,
twostage_fixedzoom,alice_0.8m_near_left_03_0009.png,face_only,0.0,0.0,False,0.45608,sweep_out/twostage_fixedzoom/face_only_no_canthus/alice_0.8m_near_left_03_0009__face_only.png
twostage_adaptivezoom,alice_0.8m_near_left_03_0009.png,face_only,0.0,0.0,False,0.46244,sweep_out/twostage_adaptivezoom/face_only_no_canthus/alice_0.8m_near_left_03_0009__face_only.png
tfake_landmark,alice_0.8m_near_left_03_0009.png,both,0.0033,0.0036,False,0.2026,sweep_out/tfake_landmark/annotated/alice_0.8m_near_left_03_0009__both.png
singlestage_sahi_v1,alice_0.8m_near_right_01_0013.png,none,0.0,0.0,False,4.07934,
singlestage_sahi_v2_cascade,alice_0.8m_near_right_01_0013.png,none,0.0,0.0,False,8.31147,
twostage_fixedzoom,alice_0.8m_near_right_01_0013.png,face_only,0.0,0.0,False,0.52341,sweep_out/twostage_fixedzoom/face_only_no_canthus/alice_0.8m_near_right_01_0013__face_only.png
twostage_adaptivezoom,alice_0.8m_near_right_01_0013.png,face_only,0.0,0.0,False,0.45375,sweep_out/twostage_adaptivezoom/face_only_no_canthus/alice_0.8m_near_right_01_0013__face_only.png
tfake_landmark,alice_0.8m_near_right_01_0013.png,none,0.0,0.0,False,0.10748,
singlestage_sahi_v1,alice_0.8m_near_right_02_0014.png,none,0.0,0.0,False,4.07923,
singlestage_sahi_v2_cascade,alice_0.8m_near_right_02_0014.png,none,0.0,0.0,False,8.92753,
twostage_fixedzoom,alice_0.8m_near_right_02_0014.png,none,0.0,0.0,False,0.3284,
twostage_adaptivezoom,alice_0.8m_near_right_02_0014.png,none,0.0,0.0,False,0.32307,
tfake_landmark,alice_0.8m_near_right_02_0014.png,none,0.0,0.0,False,0.10017,
singlestage_sahi_v1,alice_0.8m_near_right_03_0015.png,none,0.0,0.0,False,4.01895,
singlestage_sahi_v2_cascade,alice_0.8m_near_right_03_0015.png,none,0.0,0.0,False,8.03036,
twostage_fixedzoom,alice_0.8m_near_right_03_0015.png,none,0.0,0.0,False,0.31782,
twostage_adaptivezoom,alice_0.8m_near_right_03_0015.png,none,0.0,0.0,False,0.33946,
tfake_landmark,alice_0.8m_near_right_03_0015.png,none,0.0,0.0,False,0.10524,
singlestage_sahi_v1,alice_0.8m_right_occluded_turn_left_01_0019.png,none,0.0,0.0,False,4.12589,
singlestage_sahi_v2_cascade,alice_0.8m_right_occluded_turn_left_01_0019.png,none,0.0,0.0,False,8.99956,
twostage_fixedzoom,alice_0.8m_right_occluded_turn_left_01_0019.png,none,0.0,0.0,False,0.39279,
twostage_adaptivezoom,alice_0.8m_right_occluded_turn_left_01_0019.png,none,0.0,0.0,False,0.3925,
tfake_landmark,alice_0.8m_right_occluded_turn_left_01_0019.png,none,0.0,0.0,False,0.10118,
singlestage_sahi_v1,alice_0.8m_right_occluded_turn_left_02_0020.png,none,0.0,0.0,False,4.08527,
singlestage_sahi_v2_cascade,alice_0.8m_right_occluded_turn_left_02_0020.png,none,0.0,0.0,False,9.43815,
twostage_fixedzoom,alice_0.8m_right_occluded_turn_left_02_0020.png,face_only,0.0,0.0,False,0.57508,sweep_out/twostage_fixedzoom/face_only_no_canthus/alice_0.8m_right_occluded_turn_left_02_0020__face_only.png
twostage_adaptivezoom,alice_0.8m_right_occluded_turn_left_02_0020.png,face_only,0.0,0.0,False,0.46702,sweep_out/twostage_adaptivezoom/face_only_no_canthus/alice_0.8m_right_occluded_turn_left_02_0020__face_only.png
tfake_landmark,alice_0.8m_right_occluded_turn_left_02_0020.png,none,0.0,0.0,False,0.0995,
singlestage_sahi_v1,alice_0.8m_right_occluded_turn_left_03_0021.png,none,0.0,0.0,False,3.91138,
singlestage_sahi_v2_cascade,alice_0.8m_right_occluded_turn_left_03_0021.png,none,0.0,0.0,False,9.28753,
twostage_fixedzoom,alice_0.8m_right_occluded_turn_left_03_0021.png,none,0.0,0.0,False,0.32024,
twostage_adaptivezoom,alice_0.8m_right_occluded_turn_left_03_0021.png,none,0.0,0.0,False,0.3129,
tfake_landmark,alice_0.8m_right_occluded_turn_left_03_0021.png,none,0.0,0.0,False,0.09552,
singlestage_sahi_v1,alice_0.8m_right_occluded_turn_right_01_0025.png,none,0.0,0.0,False,4.01189,
singlestage_sahi_v2_cascade,alice_0.8m_right_occluded_turn_right_01_0025.png,none,0.0,0.0,False,9.08687,
twostage_fixedzoom,alice_0.8m_right_occluded_turn_right_01_0025.png,none,0.0,0.0,False,0.31609,
twostage_adaptivezoom,alice_0.8m_right_occluded_turn_right_01_0025.png,none,0.0,0.0,False,0.32046,
tfake_landmark,alice_0.8m_right_occluded_turn_right_01_0025.png,none,0.0,0.0,False,0.1061,
singlestage_sahi_v1,alice_0.8m_right_occluded_turn_right_02_0026.png,none,0.0,0.0,False,4.17533,
singlestage_sahi_v2_cascade,alice_0.8m_right_occluded_turn_right_02_0026.png,none,0.0,0.0,False,8.46101,
twostage_fixedzoom,alice_0.8m_right_occluded_turn_right_02_0026.png,face_only,0.0,0.0,False,0.45553,sweep_out/twostage_fixedzoom/face_only_no_canthus/alice_0.8m_right_occluded_turn_right_02_0026__face_only.png
twostage_adaptivezoom,alice_0.8m_right_occluded_turn_right_02_0026.png,face_only,0.0,0.0,False,0.47821,sweep_out/twostage_adaptivezoom/face_only_no_canthus/alice_0.8m_right_occluded_turn_right_02_0026__face_only.png
tfake_landmark,alice_0.8m_right_occluded_turn_right_02_0026.png,none,0.0,0.0,False,0.13169,
singlestage_sahi_v1,alice_0.8m_right_occluded_turn_right_03_0027.png,none,0.0,0.0,False,4.0049,
singlestage_sahi_v2_cascade,alice_0.8m_right_occluded_turn_right_03_0027.png,none,0.0,0.0,False,8.87365,
twostage_fixedzoom,alice_0.8m_right_occluded_turn_right_03_0027.png,none,0.0,0.0,False,0.3927,
twostage_adaptivezoom,alice_0.8m_right_occluded_turn_right_03_0027.png,none,0.0,0.0,False,0.39484,
tfake_landmark,alice_0.8m_right_occluded_turn_right_03_0027.png,none,0.0,0.0,False,0.15302,
singlestage_sahi_v1,alice_0.8m_slight_left_01_0004.png,none,0.0,0.0,False,4.05954,
singlestage_sahi_v2_cascade,alice_0.8m_slight_left_01_0004.png,none,0.0,0.0,False,8.67331,
twostage_fixedzoom,alice_0.8m_slight_left_01_0004.png,face_only,0.0,0.0,False,0.44912,sweep_out/twostage_fixedzoom/face_only_no_canthus/alice_0.8m_slight_left_01_0004__face_only.png
twostage_adaptivezoom,alice_0.8m_slight_left_01_0004.png,face_only,0.0,0.0,False,0.49773,sweep_out/twostage_adaptivezoom/face_only_no_canthus/alice_0.8m_slight_left_01_0004__face_only.png
tfake_landmark,alice_0.8m_slight_left_01_0004.png,both,0.0024,0.0026,False,0.215,sweep_out/tfake_landmark/annotated/alice_0.8m_slight_left_01_0004__both.png
singlestage_sahi_v1,alice_0.8m_slight_left_02_0005.png,none,0.0,0.0,False,3.9316,
singlestage_sahi_v2_cascade,alice_0.8m_slight_left_02_0005.png,none,0.0,0.0,False,8.25072,
twostage_fixedzoom,alice_0.8m_slight_left_02_0005.png,none,0.0,0.0,False,0.38235,
twostage_adaptivezoom,alice_0.8m_slight_left_02_0005.png,none,0.0,0.0,False,0.33583,
tfake_landmark,alice_0.8m_slight_left_02_0005.png,none,0.0,0.0,False,0.12432,
singlestage_sahi_v1,alice_0.8m_slight_left_03_0006.png,none,0.0,0.0,False,4.22002,
singlestage_sahi_v2_cascade,alice_0.8m_slight_left_03_0006.png,none,0.0,0.0,False,8.27145,
twostage_fixedzoom,alice_0.8m_slight_left_03_0006.png,face_only,0.0,0.0,False,0.43878,sweep_out/twostage_fixedzoom/face_only_no_canthus/alice_0.8m_slight_left_03_0006__face_only.png
twostage_adaptivezoom,alice_0.8m_slight_left_03_0006.png,face_only,0.0,0.0,False,0.54471,sweep_out/twostage_adaptivezoom/face_only_no_canthus/alice_0.8m_slight_left_03_0006__face_only.png
tfake_landmark,alice_0.8m_slight_left_03_0006.png,none,0.0,0.0,False,0.10675,
singlestage_sahi_v1,alice_0.8m_slight_right_01_0010.png,none,0.0,0.0,False,4.90546,
singlestage_sahi_v2_cascade,alice_0.8m_slight_right_01_0010.png,none,0.0,0.0,False,8.83366,
twostage_fixedzoom,alice_0.8m_slight_right_01_0010.png,face_only,0.0,0.0,False,0.57224,sweep_out/twostage_fixedzoom/face_only_no_canthus/alice_0.8m_slight_right_01_0010__face_only.png
twostage_adaptivezoom,alice_0.8m_slight_right_01_0010.png,face_only,0.0,0.0,False,0.50231,sweep_out/twostage_adaptivezoom/face_only_no_canthus/alice_0.8m_slight_right_01_0010__face_only.png
tfake_landmark,alice_0.8m_slight_right_01_0010.png,both,0.0035,0.0038,False,0.19542,sweep_out/tfake_landmark/annotated/alice_0.8m_slight_right_01_0010__both.png
singlestage_sahi_v1,alice_0.8m_slight_right_02_0011.png,none,0.0,0.0,False,4.10386,
singlestage_sahi_v2_cascade,alice_0.8m_slight_right_02_0011.png,none,0.0,0.0,False,9.01649,
twostage_fixedzoom,alice_0.8m_slight_right_02_0011.png,none,0.0,0.0,False,0.38798,
twostage_adaptivezoom,alice_0.8m_slight_right_02_0011.png,none,0.0,0.0,False,0.36134,
tfake_landmark,alice_0.8m_slight_right_02_0011.png,none,0.0,0.0,False,0.10263,
singlestage_sahi_v1,alice_0.8m_slight_right_03_0012.png,none,0.0,0.0,False,4.1156,
singlestage_sahi_v2_cascade,alice_0.8m_slight_right_03_0012.png,none,0.0,0.0,False,8.66106,
twostage_fixedzoom,alice_0.8m_slight_right_03_0012.png,face_only,0.0,0.0,False,0.59422,sweep_out/twostage_fixedzoom/face_only_no_canthus/alice_0.8m_slight_right_03_0012__face_only.png
twostage_adaptivezoom,alice_0.8m_slight_right_03_0012.png,face_only,0.0,0.0,False,0.46929,sweep_out/twostage_adaptivezoom/face_only_no_canthus/alice_0.8m_slight_right_03_0012__face_only.png
tfake_landmark,alice_0.8m_slight_right_03_0012.png,both,0.0036,0.0039,False,0.18285,sweep_out/tfake_landmark/annotated/alice_0.8m_slight_right_03_0012__both.png
singlestage_sahi_v1,alice_0.8m_straight_01_0001.png,none,0.0,0.0,False,4.13277,
singlestage_sahi_v2_cascade,alice_0.8m_straight_01_0001.png,none,0.0,0.0,False,9.81685,
twostage_fixedzoom,alice_0.8m_straight_01_0001.png,none,0.0,0.0,False,0.32421,
twostage_adaptivezoom,alice_0.8m_straight_01_0001.png,none,0.0,0.0,False,0.33273,
tfake_landmark,alice_0.8m_straight_01_0001.png,none,0.0,0.0,False,0.11604,
singlestage_sahi_v1,alice_0.8m_straight_02_0002.png,none,0.0,0.0,False,4.00417,
singlestage_sahi_v2_cascade,alice_0.8m_straight_02_0002.png,none,0.0,0.0,False,8.48785,
twostage_fixedzoom,alice_0.8m_straight_02_0002.png,face_only,0.0,0.0,False,0.52726,sweep_out/twostage_fixedzoom/face_only_no_canthus/alice_0.8m_straight_02_0002__face_only.png
twostage_adaptivezoom,alice_0.8m_straight_02_0002.png,face_only,0.0,0.0,False,0.56415,sweep_out/twostage_adaptivezoom/face_only_no_canthus/alice_0.8m_straight_02_0002__face_only.png
tfake_landmark,alice_0.8m_straight_02_0002.png,both,0.0026,0.0028,False,0.19043,sweep_out/tfake_landmark/annotated/alice_0.8m_straight_02_0002__both.png
singlestage_sahi_v1,alice_0.8m_straight_03_0003.png,none,0.0,0.0,False,4.03594,
singlestage_sahi_v2_cascade,alice_0.8m_straight_03_0003.png,none,0.0,0.0,False,9.37527,
twostage_fixedzoom,alice_0.8m_straight_03_0003.png,none,0.0,0.0,False,0.39763,
twostage_adaptivezoom,alice_0.8m_straight_03_0003.png,none,0.0,0.0,False,0.39819,
tfake_landmark,alice_0.8m_straight_03_0003.png,none,0.0,0.0,False,0.12733,
singlestage_sahi_v1,alice_1.2m_straight_01_0028.png,none,0.0,0.0,False,4.04987,
singlestage_sahi_v2_cascade,alice_1.2m_straight_01_0028.png,none,0.0,0.0,False,9.25574,
twostage_fixedzoom,alice_1.2m_straight_01_0028.png,none,0.0,0.0,False,0.31699,
twostage_adaptivezoom,alice_1.2m_straight_01_0028.png,none,0.0,0.0,False,0.31725,
tfake_landmark,alice_1.2m_straight_01_0028.png,none,0.0,0.0,False,0.10971,
singlestage_sahi_v1,alice_1.2m_straight_02_0029.png,none,0.0,0.0,False,4.07959,
singlestage_sahi_v2_cascade,alice_1.2m_straight_02_0029.png,none,0.0,0.0,False,8.40305,
twostage_fixedzoom,alice_1.2m_straight_02_0029.png,none,0.0,0.0,False,0.31057,
twostage_adaptivezoom,alice_1.2m_straight_02_0029.png,none,0.0,0.0,False,0.3112,
tfake_landmark,alice_1.2m_straight_02_0029.png,none,0.0,0.0,False,0.10145,
singlestage_sahi_v1,alice_1.2m_straight_03_0030.png,none,0.0,0.0,False,4.1582,
singlestage_sahi_v2_cascade,alice_1.2m_straight_03_0030.png,none,0.0,0.0,False,8.51626,
twostage_fixedzoom,alice_1.2m_straight_03_0030.png,none,0.0,0.0,False,0.39046,
twostage_adaptivezoom,alice_1.2m_straight_03_0030.png,none,0.0,0.0,False,0.37888,
tfake_landmark,alice_1.2m_straight_03_0030.png,none,0.0,0.0,False,0.12779,
singlestage_sahi_v1,sub2_0.8m_left_occluded_turn_left_01_0022.png,none,0.0,0.0,False,4.11344,
singlestage_sahi_v2_cascade,sub2_0.8m_left_occluded_turn_left_01_0022.png,none,0.0,0.0,False,8.98846,
twostage_fixedzoom,sub2_0.8m_left_occluded_turn_left_01_0022.png,none,0.0,0.0,False,0.39524,
twostage_adaptivezoom,sub2_0.8m_left_occluded_turn_left_01_0022.png,none,0.0,0.0,False,0.37985,
tfake_landmark,sub2_0.8m_left_occluded_turn_left_01_0022.png,none,0.0,0.0,False,0.10662,
singlestage_sahi_v1,sub2_0.8m_left_occluded_turn_left_02_0023.png,none,0.0,0.0,False,4.03379,
singlestage_sahi_v2_cascade,sub2_0.8m_left_occluded_turn_left_02_0023.png,none,0.0,0.0,False,8.39764,
twostage_fixedzoom,sub2_0.8m_left_occluded_turn_left_02_0023.png,none,0.0,0.0,False,0.34183,
twostage_adaptivezoom,sub2_0.8m_left_occluded_turn_left_02_0023.png,none,0.0,0.0,False,0.31754,
tfake_landmark,sub2_0.8m_left_occluded_turn_left_02_0023.png,none,0.0,0.0,False,0.10462,
singlestage_sahi_v1,sub2_0.8m_left_occluded_turn_left_03_0024.png,none,0.0,0.0,False,4.04627,
singlestage_sahi_v2_cascade,sub2_0.8m_left_occluded_turn_left_03_0024.png,none,0.0,0.0,False,8.26926,
twostage_fixedzoom,sub2_0.8m_left_occluded_turn_left_03_0024.png,none,0.0,0.0,False,0.39623,
twostage_adaptivezoom,sub2_0.8m_left_occluded_turn_left_03_0024.png,none,0.0,0.0,False,0.3871,
tfake_landmark,sub2_0.8m_left_occluded_turn_left_03_0024.png,none,0.0,0.0,False,0.12707,
singlestage_sahi_v1,sub2_0.8m_left_occluded_turn_right_01_0016.png,none,0.0,0.0,False,4.14513,
singlestage_sahi_v2_cascade,sub2_0.8m_left_occluded_turn_right_01_0016.png,none,0.0,0.0,False,8.59593,
twostage_fixedzoom,sub2_0.8m_left_occluded_turn_right_01_0016.png,none,0.0,0.0,False,0.31495,
twostage_adaptivezoom,sub2_0.8m_left_occluded_turn_right_01_0016.png,none,0.0,0.0,False,0.31511,
tfake_landmark,sub2_0.8m_left_occluded_turn_right_01_0016.png,none,0.0,0.0,False,0.0983,
singlestage_sahi_v1,sub2_0.8m_left_occluded_turn_right_02_0017.png,none,0.0,0.0,False,4.08439,
singlestage_sahi_v2_cascade,sub2_0.8m_left_occluded_turn_right_02_0017.png,none,0.0,0.0,False,8.15488,
twostage_fixedzoom,sub2_0.8m_left_occluded_turn_right_02_0017.png,none,0.0,0.0,False,0.31401,
twostage_adaptivezoom,sub2_0.8m_left_occluded_turn_right_02_0017.png,none,0.0,0.0,False,0.39169,
tfake_landmark,sub2_0.8m_left_occluded_turn_right_02_0017.png,none,0.0,0.0,False,0.1565,
singlestage_sahi_v1,sub2_0.8m_left_occluded_turn_right_03_0018.png,none,0.0,0.0,False,4.20613,
singlestage_sahi_v2_cascade,sub2_0.8m_left_occluded_turn_right_03_0018.png,none,0.0,0.0,False,8.76895,
twostage_fixedzoom,sub2_0.8m_left_occluded_turn_right_03_0018.png,none,0.0,0.0,False,0.34543,
twostage_adaptivezoom,sub2_0.8m_left_occluded_turn_right_03_0018.png,none,0.0,0.0,False,0.31773,
tfake_landmark,sub2_0.8m_left_occluded_turn_right_03_0018.png,none,0.0,0.0,False,0.14315,
singlestage_sahi_v1,sub2_0.8m_near_left_01_0007.png,none,0.0,0.0,False,4.14932,
singlestage_sahi_v2_cascade,sub2_0.8m_near_left_01_0007.png,left_only,0.2539,0.0,False,8.22061,sweep_out/singlestage_sahi_v2_cascade/annotated/sub2_0.8m_near_left_01_0007__left_only.png
twostage_fixedzoom,sub2_0.8m_near_left_01_0007.png,none,0.0,0.0,False,0.38407,
twostage_adaptivezoom,sub2_0.8m_near_left_01_0007.png,none,0.0,0.0,False,0.31983,
tfake_landmark,sub2_0.8m_near_left_01_0007.png,none,0.0,0.0,False,0.10448,
singlestage_sahi_v1,sub2_0.8m_near_left_02_0008.png,none,0.0,0.0,False,4.15585,
singlestage_sahi_v2_cascade,sub2_0.8m_near_left_02_0008.png,left_only,0.2839,0.0,False,8.06328,sweep_out/singlestage_sahi_v2_cascade/annotated/sub2_0.8m_near_left_02_0008__left_only.png
twostage_fixedzoom,sub2_0.8m_near_left_02_0008.png,none,0.0,0.0,False,0.31863,
twostage_adaptivezoom,sub2_0.8m_near_left_02_0008.png,none,0.0,0.0,False,0.32241,
tfake_landmark,sub2_0.8m_near_left_02_0008.png,none,0.0,0.0,False,0.12117,
singlestage_sahi_v1,sub2_0.8m_near_left_03_0009.png,none,0.0,0.0,False,4.11381,
singlestage_sahi_v2_cascade,sub2_0.8m_near_left_03_0009.png,none,0.0,0.0,False,8.47802,
twostage_fixedzoom,sub2_0.8m_near_left_03_0009.png,none,0.0,0.0,False,0.31758,
twostage_adaptivezoom,sub2_0.8m_near_left_03_0009.png,none,0.0,0.0,False,0.31931,
tfake_landmark,sub2_0.8m_near_left_03_0009.png,both,0.0035,0.0038,False,0.18441,sweep_out/tfake_landmark/annotated/sub2_0.8m_near_left_03_0009__both.png
singlestage_sahi_v1,sub2_0.8m_near_right_01_0013.png,none,0.0,0.0,False,4.05761,
singlestage_sahi_v2_cascade,sub2_0.8m_near_right_01_0013.png,none,0.0,0.0,False,8.43934,
twostage_fixedzoom,sub2_0.8m_near_right_01_0013.png,none,0.0,0.0,False,0.3135,
twostage_adaptivezoom,sub2_0.8m_near_right_01_0013.png,none,0.0,0.0,False,0.32265,
tfake_landmark,sub2_0.8m_near_right_01_0013.png,none,0.0,0.0,False,0.10389,
singlestage_sahi_v1,sub2_0.8m_near_right_02_0014.png,none,0.0,0.0,False,4.10867,
singlestage_sahi_v2_cascade,sub2_0.8m_near_right_02_0014.png,none,0.0,0.0,False,8.23464,
twostage_fixedzoom,sub2_0.8m_near_right_02_0014.png,none,0.0,0.0,False,0.38809,
twostage_adaptivezoom,sub2_0.8m_near_right_02_0014.png,none,0.0,0.0,False,0.38957,
tfake_landmark,sub2_0.8m_near_right_02_0014.png,none,0.0,0.0,False,0.11524,
singlestage_sahi_v1,sub2_0.8m_near_right_03_0015.png,left_only,0.302,0.0,False,4.04689,sweep_out/singlestage_sahi_v1/annotated/sub2_0.8m_near_right_03_0015__left_only.png
singlestage_sahi_v2_cascade,sub2_0.8m_near_right_03_0015.png,left_only,0.3667,0.0,False,7.87889,sweep_out/singlestage_sahi_v2_cascade/annotated/sub2_0.8m_near_right_03_0015__left_only.png
twostage_fixedzoom,sub2_0.8m_near_right_03_0015.png,none,0.0,0.0,False,0.31383,
twostage_adaptivezoom,sub2_0.8m_near_right_03_0015.png,none,0.0,0.0,False,0.31358,
tfake_landmark,sub2_0.8m_near_right_03_0015.png,both,0.0039,0.0042,False,0.19187,sweep_out/tfake_landmark/annotated/sub2_0.8m_near_right_03_0015__both.png
singlestage_sahi_v1,sub2_0.8m_right_occluded_turn_left_01_0019.png,none,0.0,0.0,False,4.03832,
singlestage_sahi_v2_cascade,sub2_0.8m_right_occluded_turn_left_01_0019.png,none,0.0,0.0,False,7.88518,
twostage_fixedzoom,sub2_0.8m_right_occluded_turn_left_01_0019.png,none,0.0,0.0,False,0.30572,
twostage_adaptivezoom,sub2_0.8m_right_occluded_turn_left_01_0019.png,none,0.0,0.0,False,0.30872,
tfake_landmark,sub2_0.8m_right_occluded_turn_left_01_0019.png,none,0.0,0.0,False,0.09604,
singlestage_sahi_v1,sub2_0.8m_right_occluded_turn_left_02_0020.png,none,0.0,0.0,False,4.09869,
singlestage_sahi_v2_cascade,sub2_0.8m_right_occluded_turn_left_02_0020.png,none,0.0,0.0,False,8.67257,
twostage_fixedzoom,sub2_0.8m_right_occluded_turn_left_02_0020.png,none,0.0,0.0,False,0.31107,
twostage_adaptivezoom,sub2_0.8m_right_occluded_turn_left_02_0020.png,none,0.0,0.0,False,0.31596,
tfake_landmark,sub2_0.8m_right_occluded_turn_left_02_0020.png,none,0.0,0.0,False,0.09962,
singlestage_sahi_v1,sub2_0.8m_right_occluded_turn_left_03_0021.png,none,0.0,0.0,False,4.1068,
singlestage_sahi_v2_cascade,sub2_0.8m_right_occluded_turn_left_03_0021.png,none,0.0,0.0,False,8.45121,
twostage_fixedzoom,sub2_0.8m_right_occluded_turn_left_03_0021.png,none,0.0,0.0,False,0.31817,
twostage_adaptivezoom,sub2_0.8m_right_occluded_turn_left_03_0021.png,none,0.0,0.0,False,0.31508,
tfake_landmark,sub2_0.8m_right_occluded_turn_left_03_0021.png,none,0.0,0.0,False,0.10335,
singlestage_sahi_v1,sub2_0.8m_right_occluded_turn_right_01_0025.png,none,0.0,0.0,False,4.04549,
singlestage_sahi_v2_cascade,sub2_0.8m_right_occluded_turn_right_01_0025.png,none,0.0,0.0,False,8.75083,
twostage_fixedzoom,sub2_0.8m_right_occluded_turn_right_01_0025.png,none,0.0,0.0,False,0.31522,
twostage_adaptivezoom,sub2_0.8m_right_occluded_turn_right_01_0025.png,none,0.0,0.0,False,0.31575,
tfake_landmark,sub2_0.8m_right_occluded_turn_right_01_0025.png,none,0.0,0.0,False,0.09974,
singlestage_sahi_v1,sub2_0.8m_right_occluded_turn_right_02_0026.png,none,0.0,0.0,False,4.11426,
singlestage_sahi_v2_cascade,sub2_0.8m_right_occluded_turn_right_02_0026.png,none,0.0,0.0,False,8.76816,
twostage_fixedzoom,sub2_0.8m_right_occluded_turn_right_02_0026.png,none,0.0,0.0,False,0.30665,
twostage_adaptivezoom,sub2_0.8m_right_occluded_turn_right_02_0026.png,none,0.0,0.0,False,0.30891,
tfake_landmark,sub2_0.8m_right_occluded_turn_right_02_0026.png,none,0.0,0.0,False,0.09584,
singlestage_sahi_v1,sub2_0.8m_right_occluded_turn_right_03_0027.png,none,0.0,0.0,False,4.04385,
singlestage_sahi_v2_cascade,sub2_0.8m_right_occluded_turn_right_03_0027.png,none,0.0,0.0,False,8.55497,
twostage_fixedzoom,sub2_0.8m_right_occluded_turn_right_03_0027.png,none,0.0,0.0,False,0.31587,
twostage_adaptivezoom,sub2_0.8m_right_occluded_turn_right_03_0027.png,none,0.0,0.0,False,0.31332,
tfake_landmark,sub2_0.8m_right_occluded_turn_right_03_0027.png,none,0.0,0.0,False,0.10134,
singlestage_sahi_v1,sub2_0.8m_slight_left_01_0004.png,none,0.0,0.0,False,4.11193,
singlestage_sahi_v2_cascade,sub2_0.8m_slight_left_01_0004.png,none,0.0,0.0,False,8.5265,
twostage_fixedzoom,sub2_0.8m_slight_left_01_0004.png,left_only,0.4633,0.0,False,0.51093,sweep_out/twostage_fixedzoom/annotated/sub2_0.8m_slight_left_01_0004__left_only.png
twostage_adaptivezoom,sub2_0.8m_slight_left_01_0004.png,left_only,0.6377,0.0,False,0.46674,sweep_out/twostage_adaptivezoom/annotated/sub2_0.8m_slight_left_01_0004__left_only.png
tfake_landmark,sub2_0.8m_slight_left_01_0004.png,none,0.0,0.0,False,0.12403,
singlestage_sahi_v1,sub2_0.8m_slight_left_02_0005.png,none,0.0,0.0,False,4.04571,
singlestage_sahi_v2_cascade,sub2_0.8m_slight_left_02_0005.png,none,0.0,0.0,False,8.65169,
twostage_fixedzoom,sub2_0.8m_slight_left_02_0005.png,face_only,0.0,0.0,False,0.52222,sweep_out/twostage_fixedzoom/face_only_no_canthus/sub2_0.8m_slight_left_02_0005__face_only.png
twostage_adaptivezoom,sub2_0.8m_slight_left_02_0005.png,face_only,0.0,0.0,False,0.56564,sweep_out/twostage_adaptivezoom/face_only_no_canthus/sub2_0.8m_slight_left_02_0005__face_only.png
tfake_landmark,sub2_0.8m_slight_left_02_0005.png,none,0.0,0.0,False,0.10349,
singlestage_sahi_v1,sub2_0.8m_slight_left_03_0006.png,none,0.0,0.0,False,4.03323,
singlestage_sahi_v2_cascade,sub2_0.8m_slight_left_03_0006.png,left_only,0.3254,0.0,False,8.47146,sweep_out/singlestage_sahi_v2_cascade/annotated/sub2_0.8m_slight_left_03_0006__left_only.png
twostage_fixedzoom,sub2_0.8m_slight_left_03_0006.png,none,0.0,0.0,False,0.3176,
twostage_adaptivezoom,sub2_0.8m_slight_left_03_0006.png,none,0.0,0.0,False,0.31831,
tfake_landmark,sub2_0.8m_slight_left_03_0006.png,none,0.0,0.0,False,0.10803,
singlestage_sahi_v1,sub2_0.8m_slight_right_01_0010.png,none,0.0,0.0,False,4.20524,
singlestage_sahi_v2_cascade,sub2_0.8m_slight_right_01_0010.png,none,0.0,0.0,False,8.57896,
twostage_fixedzoom,sub2_0.8m_slight_right_01_0010.png,none,0.0,0.0,False,0.31658,
twostage_adaptivezoom,sub2_0.8m_slight_right_01_0010.png,none,0.0,0.0,False,0.38751,
tfake_landmark,sub2_0.8m_slight_right_01_0010.png,none,0.0,0.0,False,0.13069,
singlestage_sahi_v1,sub2_0.8m_slight_right_02_0011.png,none,0.0,0.0,False,4.05403,
singlestage_sahi_v2_cascade,sub2_0.8m_slight_right_02_0011.png,left_only,0.2844,0.0,False,8.41735,sweep_out/singlestage_sahi_v2_cascade/annotated/sub2_0.8m_slight_right_02_0011__left_only.png
twostage_fixedzoom,sub2_0.8m_slight_right_02_0011.png,none,0.0,0.0,False,0.32116,
twostage_adaptivezoom,sub2_0.8m_slight_right_02_0011.png,none,0.0,0.0,False,0.31528,
tfake_landmark,sub2_0.8m_slight_right_02_0011.png,none,0.0,0.0,False,0.10075,
singlestage_sahi_v1,sub2_0.8m_slight_right_03_0012.png,none,0.0,0.0,False,4.08727,
singlestage_sahi_v2_cascade,sub2_0.8m_slight_right_03_0012.png,none,0.0,0.0,False,8.69867,
twostage_fixedzoom,sub2_0.8m_slight_right_03_0012.png,none,0.0,0.0,False,0.38213,
twostage_adaptivezoom,sub2_0.8m_slight_right_03_0012.png,none,0.0,0.0,False,0.32034,
tfake_landmark,sub2_0.8m_slight_right_03_0012.png,none,0.0,0.0,False,0.09727,
singlestage_sahi_v1,sub2_0.8m_straight_01_0001.png,none,0.0,0.0,False,4.19354,
singlestage_sahi_v2_cascade,sub2_0.8m_straight_01_0001.png,left_only,0.4201,0.0,False,9.36449,sweep_out/singlestage_sahi_v2_cascade/annotated/sub2_0.8m_straight_01_0001__left_only.png
twostage_fixedzoom,sub2_0.8m_straight_01_0001.png,face_only,0.0,0.0,False,0.4945,sweep_out/twostage_fixedzoom/face_only_no_canthus/sub2_0.8m_straight_01_0001__face_only.png
twostage_adaptivezoom,sub2_0.8m_straight_01_0001.png,face_only,0.0,0.0,False,0.49325,sweep_out/twostage_adaptivezoom/face_only_no_canthus/sub2_0.8m_straight_01_0001__face_only.png
tfake_landmark,sub2_0.8m_straight_01_0001.png,none,0.0,0.0,False,0.12545,
singlestage_sahi_v1,sub2_0.8m_straight_02_0002.png,none,0.0,0.0,False,4.18517,
singlestage_sahi_v2_cascade,sub2_0.8m_straight_02_0002.png,none,0.0,0.0,False,8.46319,
twostage_fixedzoom,sub2_0.8m_straight_02_0002.png,none,0.0,0.0,False,0.3862,
twostage_adaptivezoom,sub2_0.8m_straight_02_0002.png,none,0.0,0.0,False,0.38767,
tfake_landmark,sub2_0.8m_straight_02_0002.png,none,0.0,0.0,False,0.12126,
singlestage_sahi_v1,sub2_0.8m_straight_03_0003.png,none,0.0,0.0,False,4.06082,
singlestage_sahi_v2_cascade,sub2_0.8m_straight_03_0003.png,left_only,0.2568,0.0,False,8.5061,sweep_out/singlestage_sahi_v2_cascade/annotated/sub2_0.8m_straight_03_0003__left_only.png
twostage_fixedzoom,sub2_0.8m_straight_03_0003.png,none,0.0,0.0,False,0.30767,
twostage_adaptivezoom,sub2_0.8m_straight_03_0003.png,none,0.0,0.0,False,0.32318,
tfake_landmark,sub2_0.8m_straight_03_0003.png,none,0.0,0.0,False,0.11817,
singlestage_sahi_v1,sub2_1.2m_near_left_01_0034.png,none,0.0,0.0,False,4.08641,
singlestage_sahi_v2_cascade,sub2_1.2m_near_left_01_0034.png,none,0.0,0.0,False,9.1845,
twostage_fixedzoom,sub2_1.2m_near_left_01_0034.png,none,0.0,0.0,False,0.30702,
twostage_adaptivezoom,sub2_1.2m_near_left_01_0034.png,none,0.0,0.0,False,0.30763,
tfake_landmark,sub2_1.2m_near_left_01_0034.png,none,0.0,0.0,False,0.09726,
singlestage_sahi_v1,sub2_1.2m_near_left_02_0035.png,none,0.0,0.0,False,4.03592,
singlestage_sahi_v2_cascade,sub2_1.2m_near_left_02_0035.png,none,0.0,0.0,False,8.39446,
twostage_fixedzoom,sub2_1.2m_near_left_02_0035.png,none,0.0,0.0,False,0.37805,
twostage_adaptivezoom,sub2_1.2m_near_left_02_0035.png,none,0.0,0.0,False,0.36961,
tfake_landmark,sub2_1.2m_near_left_02_0035.png,none,0.0,0.0,False,0.11629,
singlestage_sahi_v1,sub2_1.2m_near_left_03_0036.png,none,0.0,0.0,False,3.99798,
singlestage_sahi_v2_cascade,sub2_1.2m_near_left_03_0036.png,none,0.0,0.0,False,8.28955,
twostage_fixedzoom,sub2_1.2m_near_left_03_0036.png,none,0.0,0.0,False,0.37024,
twostage_adaptivezoom,sub2_1.2m_near_left_03_0036.png,none,0.0,0.0,False,0.31275,
tfake_landmark,sub2_1.2m_near_left_03_0036.png,none,0.0,0.0,False,0.09971,
singlestage_sahi_v1,sub2_1.2m_slight_left_01_0031.png,none,0.0,0.0,False,4.09154,
singlestage_sahi_v2_cascade,sub2_1.2m_slight_left_01_0031.png,none,0.0,0.0,False,8.08857,
twostage_fixedzoom,sub2_1.2m_slight_left_01_0031.png,none,0.0,0.0,False,0.31699,
twostage_adaptivezoom,sub2_1.2m_slight_left_01_0031.png,none,0.0,0.0,False,0.31637,
tfake_landmark,sub2_1.2m_slight_left_01_0031.png,none,0.0,0.0,False,0.11117,
singlestage_sahi_v1,sub2_1.2m_slight_left_02_0032.png,none,0.0,0.0,False,4.05085,
singlestage_sahi_v2_cascade,sub2_1.2m_slight_left_02_0032.png,none,0.0,0.0,False,8.34623,
twostage_fixedzoom,sub2_1.2m_slight_left_02_0032.png,none,0.0,0.0,False,0.37454,
twostage_adaptivezoom,sub2_1.2m_slight_left_02_0032.png,none,0.0,0.0,False,0.31628,
tfake_landmark,sub2_1.2m_slight_left_02_0032.png,none,0.0,0.0,False,0.10436,
singlestage_sahi_v1,sub2_1.2m_slight_left_03_0033.png,none,0.0,0.0,False,4.08597,
singlestage_sahi_v2_cascade,sub2_1.2m_slight_left_03_0033.png,none,0.0,0.0,False,8.59942,
twostage_fixedzoom,sub2_1.2m_slight_left_03_0033.png,none,0.0,0.0,False,0.32558,
twostage_adaptivezoom,sub2_1.2m_slight_left_03_0033.png,none,0.0,0.0,False,0.38803,
tfake_landmark,sub2_1.2m_slight_left_03_0033.png,none,0.0,0.0,False,0.16229,
singlestage_sahi_v1,sub2_1.2m_straight_01_0028.png,none,0.0,0.0,False,4.09603,
singlestage_sahi_v2_cascade,sub2_1.2m_straight_01_0028.png,none,0.0,0.0,False,8.02283,
twostage_fixedzoom,sub2_1.2m_straight_01_0028.png,none,0.0,0.0,False,0.31495,
twostage_adaptivezoom,sub2_1.2m_straight_01_0028.png,none,0.0,0.0,False,0.31981,
tfake_landmark,sub2_1.2m_straight_01_0028.png,none,0.0,0.0,False,0.10781,
singlestage_sahi_v1,sub2_1.2m_straight_02_0029.png,none,0.0,0.0,False,4.11211,
singlestage_sahi_v2_cascade,sub2_1.2m_straight_02_0029.png,none,0.0,0.0,False,9.1961,
twostage_fixedzoom,sub2_1.2m_straight_02_0029.png,none,0.0,0.0,False,0.38759,
twostage_adaptivezoom,sub2_1.2m_straight_02_0029.png,none,0.0,0.0,False,0.39294,
tfake_landmark,sub2_1.2m_straight_02_0029.png,none,0.0,0.0,False,0.12513,
singlestage_sahi_v1,sub2_1.2m_straight_03_0030.png,none,0.0,0.0,False,4.00918,
singlestage_sahi_v2_cascade,sub2_1.2m_straight_03_0030.png,none,0.0,0.0,False,8.68538,
twostage_fixedzoom,sub2_1.2m_straight_03_0030.png,none,0.0,0.0,False,0.34158,
twostage_adaptivezoom,sub2_1.2m_straight_03_0030.png,none,0.0,0.0,False,0.38961,
tfake_landmark,sub2_1.2m_straight_03_0030.png,none,0.0,0.0,False,0.1254,
singlestage_sahi_v1,sub3_0.8m_left_occluded_turn_left_01_0022.png,none,0.0,0.0,False,4.1137,
singlestage_sahi_v2_cascade,sub3_0.8m_left_occluded_turn_left_01_0022.png,none,0.0,0.0,False,9.5004,
twostage_fixedzoom,sub3_0.8m_left_occluded_turn_left_01_0022.png,none,0.0,0.0,False,0.383,
twostage_adaptivezoom,sub3_0.8m_left_occluded_turn_left_01_0022.png,none,0.0,0.0,False,0.3458,
tfake_landmark,sub3_0.8m_left_occluded_turn_left_01_0022.png,none,0.0,0.0,False,0.09963,
singlestage_sahi_v1,sub3_0.8m_left_occluded_turn_left_02_0023.png,none,0.0,0.0,False,4.00376,
singlestage_sahi_v2_cascade,sub3_0.8m_left_occluded_turn_left_02_0023.png,none,0.0,0.0,False,8.42165,
twostage_fixedzoom,sub3_0.8m_left_occluded_turn_left_02_0023.png,none,0.0,0.0,False,0.38379,
twostage_adaptivezoom,sub3_0.8m_left_occluded_turn_left_02_0023.png,none,0.0,0.0,False,0.34309,
tfake_landmark,sub3_0.8m_left_occluded_turn_left_02_0023.png,none,0.0,0.0,False,0.09992,
singlestage_sahi_v1,sub3_0.8m_left_occluded_turn_left_03_0024.png,none,0.0,0.0,False,3.97494,
singlestage_sahi_v2_cascade,sub3_0.8m_left_occluded_turn_left_03_0024.png,none,0.0,0.0,False,8.09498,
twostage_fixedzoom,sub3_0.8m_left_occluded_turn_left_03_0024.png,none,0.0,0.0,False,0.31397,
twostage_adaptivezoom,sub3_0.8m_left_occluded_turn_left_03_0024.png,none,0.0,0.0,False,0.31285,
tfake_landmark,sub3_0.8m_left_occluded_turn_left_03_0024.png,none,0.0,0.0,False,0.10576,
singlestage_sahi_v1,sub3_0.8m_left_occluded_turn_right_01_0016.png,none,0.0,0.0,False,4.1305,
singlestage_sahi_v2_cascade,sub3_0.8m_left_occluded_turn_right_01_0016.png,none,0.0,0.0,False,8.13369,
twostage_fixedzoom,sub3_0.8m_left_occluded_turn_right_01_0016.png,none,0.0,0.0,False,0.38735,
twostage_adaptivezoom,sub3_0.8m_left_occluded_turn_right_01_0016.png,none,0.0,0.0,False,0.37734,
tfake_landmark,sub3_0.8m_left_occluded_turn_right_01_0016.png,none,0.0,0.0,False,0.09885,
singlestage_sahi_v1,sub3_0.8m_left_occluded_turn_right_02_0017.png,none,0.0,0.0,False,4.14077,
singlestage_sahi_v2_cascade,sub3_0.8m_left_occluded_turn_right_02_0017.png,none,0.0,0.0,False,8.30795,
twostage_fixedzoom,sub3_0.8m_left_occluded_turn_right_02_0017.png,none,0.0,0.0,False,0.31162,
twostage_adaptivezoom,sub3_0.8m_left_occluded_turn_right_02_0017.png,none,0.0,0.0,False,0.31264,
tfake_landmark,sub3_0.8m_left_occluded_turn_right_02_0017.png,none,0.0,0.0,False,0.09939,
singlestage_sahi_v1,sub3_0.8m_left_occluded_turn_right_03_0018.png,none,0.0,0.0,False,4.14361,
singlestage_sahi_v2_cascade,sub3_0.8m_left_occluded_turn_right_03_0018.png,none,0.0,0.0,False,8.17557,
twostage_fixedzoom,sub3_0.8m_left_occluded_turn_right_03_0018.png,none,0.0,0.0,False,0.32514,
twostage_adaptivezoom,sub3_0.8m_left_occluded_turn_right_03_0018.png,none,0.0,0.0,False,0.38717,
tfake_landmark,sub3_0.8m_left_occluded_turn_right_03_0018.png,none,0.0,0.0,False,0.1225,
singlestage_sahi_v1,sub3_0.8m_near_left_01_0007.png,none,0.0,0.0,False,3.99405,
singlestage_sahi_v2_cascade,sub3_0.8m_near_left_01_0007.png,none,0.0,0.0,False,8.47688,
twostage_fixedzoom,sub3_0.8m_near_left_01_0007.png,none,0.0,0.0,False,0.35609,
twostage_adaptivezoom,sub3_0.8m_near_left_01_0007.png,none,0.0,0.0,False,0.31211,
tfake_landmark,sub3_0.8m_near_left_01_0007.png,none,0.0,0.0,False,0.09913,
singlestage_sahi_v1,sub3_0.8m_near_left_02_0008.png,none,0.0,0.0,False,4.20017,
singlestage_sahi_v2_cascade,sub3_0.8m_near_left_02_0008.png,none,0.0,0.0,False,8.62356,
twostage_fixedzoom,sub3_0.8m_near_left_02_0008.png,none,0.0,0.0,False,0.31129,
twostage_adaptivezoom,sub3_0.8m_near_left_02_0008.png,none,0.0,0.0,False,0.30873,
tfake_landmark,sub3_0.8m_near_left_02_0008.png,none,0.0,0.0,False,0.09464,
singlestage_sahi_v1,sub3_0.8m_near_left_03_0009.png,none,0.0,0.0,False,3.99218,
singlestage_sahi_v2_cascade,sub3_0.8m_near_left_03_0009.png,none,0.0,0.0,False,9.14417,
twostage_fixedzoom,sub3_0.8m_near_left_03_0009.png,none,0.0,0.0,False,0.38607,
twostage_adaptivezoom,sub3_0.8m_near_left_03_0009.png,none,0.0,0.0,False,0.39017,
tfake_landmark,sub3_0.8m_near_left_03_0009.png,none,0.0,0.0,False,0.10403,
singlestage_sahi_v1,sub3_0.8m_near_right_01_0013.png,none,0.0,0.0,False,4.0051,
singlestage_sahi_v2_cascade,sub3_0.8m_near_right_01_0013.png,none,0.0,0.0,False,7.39155,
twostage_fixedzoom,sub3_0.8m_near_right_01_0013.png,none,0.0,0.0,False,0.30221,
twostage_adaptivezoom,sub3_0.8m_near_right_01_0013.png,none,0.0,0.0,False,0.30611,
tfake_landmark,sub3_0.8m_near_right_01_0013.png,none,0.0,0.0,False,0.09578,
singlestage_sahi_v1,sub3_0.8m_near_right_02_0014.png,none,0.0,0.0,False,4.07084,
singlestage_sahi_v2_cascade,sub3_0.8m_near_right_02_0014.png,none,0.0,0.0,False,8.30465,
twostage_fixedzoom,sub3_0.8m_near_right_02_0014.png,none,0.0,0.0,False,0.3473,
twostage_adaptivezoom,sub3_0.8m_near_right_02_0014.png,none,0.0,0.0,False,0.39455,
tfake_landmark,sub3_0.8m_near_right_02_0014.png,none,0.0,0.0,False,0.13251,
singlestage_sahi_v1,sub3_0.8m_near_right_03_0015.png,none,0.0,0.0,False,4.04399,
singlestage_sahi_v2_cascade,sub3_0.8m_near_right_03_0015.png,none,0.0,0.0,False,9.00537,
twostage_fixedzoom,sub3_0.8m_near_right_03_0015.png,none,0.0,0.0,False,0.32019,
twostage_adaptivezoom,sub3_0.8m_near_right_03_0015.png,none,0.0,0.0,False,0.31934,
tfake_landmark,sub3_0.8m_near_right_03_0015.png,none,0.0,0.0,False,0.10464,
singlestage_sahi_v1,sub3_0.8m_right_occluded_turn_left_01_0019.png,none,0.0,0.0,False,4.0366,
singlestage_sahi_v2_cascade,sub3_0.8m_right_occluded_turn_left_01_0019.png,none,0.0,0.0,False,7.74784,
twostage_fixedzoom,sub3_0.8m_right_occluded_turn_left_01_0019.png,none,0.0,0.0,False,0.39483,
twostage_adaptivezoom,sub3_0.8m_right_occluded_turn_left_01_0019.png,none,0.0,0.0,False,0.32541,
tfake_landmark,sub3_0.8m_right_occluded_turn_left_01_0019.png,none,0.0,0.0,False,0.10883,
singlestage_sahi_v1,sub3_0.8m_right_occluded_turn_left_02_0020.png,none,0.0,0.0,False,4.06832,
singlestage_sahi_v2_cascade,sub3_0.8m_right_occluded_turn_left_02_0020.png,none,0.0,0.0,False,8.89041,
twostage_fixedzoom,sub3_0.8m_right_occluded_turn_left_02_0020.png,none,0.0,0.0,False,0.31893,
twostage_adaptivezoom,sub3_0.8m_right_occluded_turn_left_02_0020.png,none,0.0,0.0,False,0.31591,
tfake_landmark,sub3_0.8m_right_occluded_turn_left_02_0020.png,none,0.0,0.0,False,0.10053,
singlestage_sahi_v1,sub3_0.8m_right_occluded_turn_left_03_0021.png,none,0.0,0.0,False,4.01971,
singlestage_sahi_v2_cascade,sub3_0.8m_right_occluded_turn_left_03_0021.png,none,0.0,0.0,False,8.27373,
twostage_fixedzoom,sub3_0.8m_right_occluded_turn_left_03_0021.png,none,0.0,0.0,False,0.30944,
twostage_adaptivezoom,sub3_0.8m_right_occluded_turn_left_03_0021.png,none,0.0,0.0,False,0.3102,
tfake_landmark,sub3_0.8m_right_occluded_turn_left_03_0021.png,none,0.0,0.0,False,0.09715,
singlestage_sahi_v1,sub3_0.8m_right_occluded_turn_right_01_0025.png,none,0.0,0.0,False,4.12938,
singlestage_sahi_v2_cascade,sub3_0.8m_right_occluded_turn_right_01_0025.png,none,0.0,0.0,False,7.8453,
twostage_fixedzoom,sub3_0.8m_right_occluded_turn_right_01_0025.png,none,0.0,0.0,False,0.32025,
twostage_adaptivezoom,sub3_0.8m_right_occluded_turn_right_01_0025.png,none,0.0,0.0,False,0.3215,
tfake_landmark,sub3_0.8m_right_occluded_turn_right_01_0025.png,none,0.0,0.0,False,0.10969,
singlestage_sahi_v1,sub3_0.8m_right_occluded_turn_right_02_0026.png,none,0.0,0.0,False,4.19833,
singlestage_sahi_v2_cascade,sub3_0.8m_right_occluded_turn_right_02_0026.png,none,0.0,0.0,False,8.46179,
twostage_fixedzoom,sub3_0.8m_right_occluded_turn_right_02_0026.png,none,0.0,0.0,False,0.31621,
twostage_adaptivezoom,sub3_0.8m_right_occluded_turn_right_02_0026.png,none,0.0,0.0,False,0.31893,
tfake_landmark,sub3_0.8m_right_occluded_turn_right_02_0026.png,none,0.0,0.0,False,0.10343,
singlestage_sahi_v1,sub3_0.8m_right_occluded_turn_right_03_0027.png,none,0.0,0.0,False,4.09637,
singlestage_sahi_v2_cascade,sub3_0.8m_right_occluded_turn_right_03_0027.png,none,0.0,0.0,False,8.88105,
twostage_fixedzoom,sub3_0.8m_right_occluded_turn_right_03_0027.png,none,0.0,0.0,False,0.39354,
twostage_adaptivezoom,sub3_0.8m_right_occluded_turn_right_03_0027.png,none,0.0,0.0,False,0.3952,
tfake_landmark,sub3_0.8m_right_occluded_turn_right_03_0027.png,none,0.0,0.0,False,0.13693,
singlestage_sahi_v1,sub3_0.8m_slight_left_01_0004.png,none,0.0,0.0,False,3.97426,
singlestage_sahi_v2_cascade,sub3_0.8m_slight_left_01_0004.png,none,0.0,0.0,False,8.88092,
twostage_fixedzoom,sub3_0.8m_slight_left_01_0004.png,none,0.0,0.0,False,0.31538,
twostage_adaptivezoom,sub3_0.8m_slight_left_01_0004.png,none,0.0,0.0,False,0.32015,
tfake_landmark,sub3_0.8m_slight_left_01_0004.png,none,0.0,0.0,False,0.1288,
singlestage_sahi_v1,sub3_0.8m_slight_left_02_0005.png,none,0.0,0.0,False,4.07212,
singlestage_sahi_v2_cascade,sub3_0.8m_slight_left_02_0005.png,none,0.0,0.0,False,10.32223,
twostage_fixedzoom,sub3_0.8m_slight_left_02_0005.png,none,0.0,0.0,False,0.37992,
twostage_adaptivezoom,sub3_0.8m_slight_left_02_0005.png,none,0.0,0.0,False,0.31715,
tfake_landmark,sub3_0.8m_slight_left_02_0005.png,none,0.0,0.0,False,0.10511,
singlestage_sahi_v1,sub3_0.8m_slight_left_03_0006.png,none,0.0,0.0,False,4.07394,
singlestage_sahi_v2_cascade,sub3_0.8m_slight_left_03_0006.png,none,0.0,0.0,False,8.29972,
twostage_fixedzoom,sub3_0.8m_slight_left_03_0006.png,none,0.0,0.0,False,0.3169,
twostage_adaptivezoom,sub3_0.8m_slight_left_03_0006.png,none,0.0,0.0,False,0.32004,
tfake_landmark,sub3_0.8m_slight_left_03_0006.png,none,0.0,0.0,False,0.13289,
singlestage_sahi_v1,sub3_0.8m_slight_right_01_0010.png,none,0.0,0.0,False,4.07878,
singlestage_sahi_v2_cascade,sub3_0.8m_slight_right_01_0010.png,none,0.0,0.0,False,9.35825,
twostage_fixedzoom,sub3_0.8m_slight_right_01_0010.png,none,0.0,0.0,False,0.36184,
twostage_adaptivezoom,sub3_0.8m_slight_right_01_0010.png,none,0.0,0.0,False,0.32374,
tfake_landmark,sub3_0.8m_slight_right_01_0010.png,none,0.0,0.0,False,0.10595,
singlestage_sahi_v1,sub3_0.8m_slight_right_02_0011.png,none,0.0,0.0,False,4.12909,
singlestage_sahi_v2_cascade,sub3_0.8m_slight_right_02_0011.png,none,0.0,0.0,False,9.09807,
twostage_fixedzoom,sub3_0.8m_slight_right_02_0011.png,none,0.0,0.0,False,0.39277,
twostage_adaptivezoom,sub3_0.8m_slight_right_02_0011.png,none,0.0,0.0,False,0.3474,
tfake_landmark,sub3_0.8m_slight_right_02_0011.png,none,0.0,0.0,False,0.10583,
singlestage_sahi_v1,sub3_0.8m_slight_right_03_0012.png,none,0.0,0.0,False,4.09845,
singlestage_sahi_v2_cascade,sub3_0.8m_slight_right_03_0012.png,none,0.0,0.0,False,8.01297,
twostage_fixedzoom,sub3_0.8m_slight_right_03_0012.png,none,0.0,0.0,False,0.31714,
twostage_adaptivezoom,sub3_0.8m_slight_right_03_0012.png,none,0.0,0.0,False,0.31768,
tfake_landmark,sub3_0.8m_slight_right_03_0012.png,none,0.0,0.0,False,0.10609,
singlestage_sahi_v1,sub3_0.8m_straight_01_0001.png,none,0.0,0.0,False,4.05978,
singlestage_sahi_v2_cascade,sub3_0.8m_straight_01_0001.png,none,0.0,0.0,False,8.36382,
twostage_fixedzoom,sub3_0.8m_straight_01_0001.png,none,0.0,0.0,False,0.3887,
twostage_adaptivezoom,sub3_0.8m_straight_01_0001.png,none,0.0,0.0,False,0.38897,
tfake_landmark,sub3_0.8m_straight_01_0001.png,none,0.0,0.0,False,0.10682,
singlestage_sahi_v1,sub3_0.8m_straight_02_0002.png,none,0.0,0.0,False,4.03012,
singlestage_sahi_v2_cascade,sub3_0.8m_straight_02_0002.png,left_only,0.2615,0.0,False,9.17038,sweep_out/singlestage_sahi_v2_cascade/annotated/sub3_0.8m_straight_02_0002__left_only.png
twostage_fixedzoom,sub3_0.8m_straight_02_0002.png,none,0.0,0.0,False,0.37333,
twostage_adaptivezoom,sub3_0.8m_straight_02_0002.png,none,0.0,0.0,False,0.38678,
tfake_landmark,sub3_0.8m_straight_02_0002.png,none,0.0,0.0,False,0.14063,
singlestage_sahi_v1,sub3_0.8m_straight_03_0003.png,none,0.0,0.0,False,4.03356,
singlestage_sahi_v2_cascade,sub3_0.8m_straight_03_0003.png,none,0.0,0.0,False,8.301,
twostage_fixedzoom,sub3_0.8m_straight_03_0003.png,none,0.0,0.0,False,0.38624,
twostage_adaptivezoom,sub3_0.8m_straight_03_0003.png,none,0.0,0.0,False,0.39372,
tfake_landmark,sub3_0.8m_straight_03_0003.png,none,0.0,0.0,False,0.14356,
singlestage_sahi_v1,sub4_0.8m_left_occluded_turn_right_01_0016.png,none,0.0,0.0,False,4.13952,
singlestage_sahi_v2_cascade,sub4_0.8m_left_occluded_turn_right_01_0016.png,none,0.0,0.0,False,8.84289,
twostage_fixedzoom,sub4_0.8m_left_occluded_turn_right_01_0016.png,none,0.0,0.0,False,0.31714,
twostage_adaptivezoom,sub4_0.8m_left_occluded_turn_right_01_0016.png,none,0.0,0.0,False,0.32188,
tfake_landmark,sub4_0.8m_left_occluded_turn_right_01_0016.png,none,0.0,0.0,False,0.11546,
singlestage_sahi_v1,sub4_0.8m_left_occluded_turn_right_02_0017.png,none,0.0,0.0,False,3.85184,
singlestage_sahi_v2_cascade,sub4_0.8m_left_occluded_turn_right_02_0017.png,none,0.0,0.0,False,7.29579,
twostage_fixedzoom,sub4_0.8m_left_occluded_turn_right_02_0017.png,none,0.0,0.0,False,0.31313,
twostage_adaptivezoom,sub4_0.8m_left_occluded_turn_right_02_0017.png,none,0.0,0.0,False,0.30783,
tfake_landmark,sub4_0.8m_left_occluded_turn_right_02_0017.png,none,0.0,0.0,False,0.09507,
singlestage_sahi_v1,sub4_0.8m_left_occluded_turn_right_03_0018.png,none,0.0,0.0,False,4.04125,
singlestage_sahi_v2_cascade,sub4_0.8m_left_occluded_turn_right_03_0018.png,none,0.0,0.0,False,8.46699,
twostage_fixedzoom,sub4_0.8m_left_occluded_turn_right_03_0018.png,none,0.0,0.0,False,0.31871,
twostage_adaptivezoom,sub4_0.8m_left_occluded_turn_right_03_0018.png,none,0.0,0.0,False,0.31939,
tfake_landmark,sub4_0.8m_left_occluded_turn_right_03_0018.png,both,0.0007,0.0007,False,0.18676,sweep_out/tfake_landmark/annotated/sub4_0.8m_left_occluded_turn_right_03_0018__both.png
singlestage_sahi_v1,sub4_0.8m_near_left_01_0007.png,none,0.0,0.0,False,4.10188,
singlestage_sahi_v2_cascade,sub4_0.8m_near_left_01_0007.png,none,0.0,0.0,False,8.09159,
twostage_fixedzoom,sub4_0.8m_near_left_01_0007.png,none,0.0,0.0,False,0.31558,
twostage_adaptivezoom,sub4_0.8m_near_left_01_0007.png,none,0.0,0.0,False,0.31867,
tfake_landmark,sub4_0.8m_near_left_01_0007.png,none,0.0,0.0,False,0.10981,
singlestage_sahi_v1,sub4_0.8m_near_left_02_0008.png,none,0.0,0.0,False,4.13451,
singlestage_sahi_v2_cascade,sub4_0.8m_near_left_02_0008.png,none,0.0,0.0,False,8.55887,
twostage_fixedzoom,sub4_0.8m_near_left_02_0008.png,none,0.0,0.0,False,0.31719,
twostage_adaptivezoom,sub4_0.8m_near_left_02_0008.png,none,0.0,0.0,False,0.3249,
tfake_landmark,sub4_0.8m_near_left_02_0008.png,none,0.0,0.0,False,0.10625,
singlestage_sahi_v1,sub4_0.8m_near_left_03_0009.png,none,0.0,0.0,False,4.06044,
singlestage_sahi_v2_cascade,sub4_0.8m_near_left_03_0009.png,none,0.0,0.0,False,8.97531,
twostage_fixedzoom,sub4_0.8m_near_left_03_0009.png,none,0.0,0.0,False,0.31953,
twostage_adaptivezoom,sub4_0.8m_near_left_03_0009.png,none,0.0,0.0,False,0.31497,
tfake_landmark,sub4_0.8m_near_left_03_0009.png,none,0.0,0.0,False,0.10477,
singlestage_sahi_v1,sub4_0.8m_near_right_01_0013.png,none,0.0,0.0,False,3.92476,
singlestage_sahi_v2_cascade,sub4_0.8m_near_right_01_0013.png,none,0.0,0.0,False,8.58729,
twostage_fixedzoom,sub4_0.8m_near_right_01_0013.png,face_only,0.0,0.0,False,0.54727,sweep_out/twostage_fixedzoom/face_only_no_canthus/sub4_0.8m_near_right_01_0013__face_only.png
twostage_adaptivezoom,sub4_0.8m_near_right_01_0013.png,face_only,0.0,0.0,False,0.45603,sweep_out/twostage_adaptivezoom/face_only_no_canthus/sub4_0.8m_near_right_01_0013__face_only.png
tfake_landmark,sub4_0.8m_near_right_01_0013.png,both,0.0026,0.0028,False,0.17944,sweep_out/tfake_landmark/annotated/sub4_0.8m_near_right_01_0013__both.png
singlestage_sahi_v1,sub4_0.8m_near_right_02_0014.png,none,0.0,0.0,False,4.0726,
singlestage_sahi_v2_cascade,sub4_0.8m_near_right_02_0014.png,none,0.0,0.0,False,8.07359,
twostage_fixedzoom,sub4_0.8m_near_right_02_0014.png,none,0.0,0.0,False,0.38847,
twostage_adaptivezoom,sub4_0.8m_near_right_02_0014.png,none,0.0,0.0,False,0.39011,
tfake_landmark,sub4_0.8m_near_right_02_0014.png,both,0.0029,0.0032,False,0.21183,sweep_out/tfake_landmark/annotated/sub4_0.8m_near_right_02_0014__both.png
singlestage_sahi_v1,sub4_0.8m_near_right_03_0015.png,none,0.0,0.0,False,4.18589,
singlestage_sahi_v2_cascade,sub4_0.8m_near_right_03_0015.png,none,0.0,0.0,False,7.80337,
twostage_fixedzoom,sub4_0.8m_near_right_03_0015.png,none,0.0,0.0,False,0.31222,
twostage_adaptivezoom,sub4_0.8m_near_right_03_0015.png,none,0.0,0.0,False,0.32167,
tfake_landmark,sub4_0.8m_near_right_03_0015.png,both,0.0021,0.0022,False,0.18343,sweep_out/tfake_landmark/annotated/sub4_0.8m_near_right_03_0015__both.png
singlestage_sahi_v1,sub4_0.8m_slight_left_01_0004.png,none,0.0,0.0,False,4.08113,
singlestage_sahi_v2_cascade,sub4_0.8m_slight_left_01_0004.png,none,0.0,0.0,False,8.484,
twostage_fixedzoom,sub4_0.8m_slight_left_01_0004.png,face_only,0.0,0.0,False,0.52635,sweep_out/twostage_fixedzoom/face_only_no_canthus/sub4_0.8m_slight_left_01_0004__face_only.png
twostage_adaptivezoom,sub4_0.8m_slight_left_01_0004.png,face_only,0.0,0.0,False,0.53173,sweep_out/twostage_adaptivezoom/face_only_no_canthus/sub4_0.8m_slight_left_01_0004__face_only.png
tfake_landmark,sub4_0.8m_slight_left_01_0004.png,both,0.0022,0.0024,False,0.20176,sweep_out/tfake_landmark/annotated/sub4_0.8m_slight_left_01_0004__both.png
singlestage_sahi_v1,sub4_0.8m_slight_left_02_0005.png,none,0.0,0.0,False,4.09212,
singlestage_sahi_v2_cascade,sub4_0.8m_slight_left_02_0005.png,none,0.0,0.0,False,8.40898,
twostage_fixedzoom,sub4_0.8m_slight_left_02_0005.png,none,0.0,0.0,False,0.31346,
twostage_adaptivezoom,sub4_0.8m_slight_left_02_0005.png,none,0.0,0.0,False,0.314,
tfake_landmark,sub4_0.8m_slight_left_02_0005.png,both,0.0024,0.0026,False,0.18011,sweep_out/tfake_landmark/annotated/sub4_0.8m_slight_left_02_0005__both.png
singlestage_sahi_v1,sub4_0.8m_slight_left_03_0006.png,none,0.0,0.0,False,4.10548,
singlestage_sahi_v2_cascade,sub4_0.8m_slight_left_03_0006.png,none,0.0,0.0,False,7.93031,
twostage_fixedzoom,sub4_0.8m_slight_left_03_0006.png,none,0.0,0.0,False,0.31271,
twostage_adaptivezoom,sub4_0.8m_slight_left_03_0006.png,none,0.0,0.0,False,0.3145,
tfake_landmark,sub4_0.8m_slight_left_03_0006.png,none,0.0,0.0,False,0.10285,
singlestage_sahi_v1,sub4_0.8m_slight_right_01_0010.png,none,0.0,0.0,False,4.07999,
singlestage_sahi_v2_cascade,sub4_0.8m_slight_right_01_0010.png,none,0.0,0.0,False,8.24106,
twostage_fixedzoom,sub4_0.8m_slight_right_01_0010.png,none,0.0,0.0,False,0.3552,
twostage_adaptivezoom,sub4_0.8m_slight_right_01_0010.png,none,0.0,0.0,False,0.32041,
tfake_landmark,sub4_0.8m_slight_right_01_0010.png,both,0.0021,0.0023,False,0.19539,sweep_out/tfake_landmark/annotated/sub4_0.8m_slight_right_01_0010__both.png
singlestage_sahi_v1,sub4_0.8m_slight_right_02_0011.png,none,0.0,0.0,False,3.96035,
singlestage_sahi_v2_cascade,sub4_0.8m_slight_right_02_0011.png,none,0.0,0.0,False,8.8455,
twostage_fixedzoom,sub4_0.8m_slight_right_02_0011.png,none,0.0,0.0,False,0.3269,
twostage_adaptivezoom,sub4_0.8m_slight_right_02_0011.png,none,0.0,0.0,False,0.31357,
tfake_landmark,sub4_0.8m_slight_right_02_0011.png,none,0.0,0.0,False,0.0965,
singlestage_sahi_v1,sub4_0.8m_slight_right_03_0012.png,none,0.0,0.0,False,4.05131,
singlestage_sahi_v2_cascade,sub4_0.8m_slight_right_03_0012.png,none,0.0,0.0,False,8.018,
twostage_fixedzoom,sub4_0.8m_slight_right_03_0012.png,face_only,0.0,0.0,False,0.45204,sweep_out/twostage_fixedzoom/face_only_no_canthus/sub4_0.8m_slight_right_03_0012__face_only.png
twostage_adaptivezoom,sub4_0.8m_slight_right_03_0012.png,face_only,0.0,0.0,False,0.49122,sweep_out/twostage_adaptivezoom/face_only_no_canthus/sub4_0.8m_slight_right_03_0012__face_only.png
tfake_landmark,sub4_0.8m_slight_right_03_0012.png,both,0.0033,0.0036,False,0.17874,sweep_out/tfake_landmark/annotated/sub4_0.8m_slight_right_03_0012__both.png
singlestage_sahi_v1,sub4_0.8m_straight_01_0001.png,none,0.0,0.0,False,4.08991,
singlestage_sahi_v2_cascade,sub4_0.8m_straight_01_0001.png,none,0.0,0.0,False,8.23855,
twostage_fixedzoom,sub4_0.8m_straight_01_0001.png,none,0.0,0.0,False,0.38798,
twostage_adaptivezoom,sub4_0.8m_straight_01_0001.png,none,0.0,0.0,False,0.38425,
tfake_landmark,sub4_0.8m_straight_01_0001.png,none,0.0,0.0,False,0.11771,
singlestage_sahi_v1,sub4_0.8m_straight_02_0002.png,none,0.0,0.0,False,4.0332,
singlestage_sahi_v2_cascade,sub4_0.8m_straight_02_0002.png,none,0.0,0.0,False,7.80131,
twostage_fixedzoom,sub4_0.8m_straight_02_0002.png,none,0.0,0.0,False,0.34842,
twostage_adaptivezoom,sub4_0.8m_straight_02_0002.png,none,0.0,0.0,False,0.38697,
tfake_landmark,sub4_0.8m_straight_02_0002.png,both,0.003,0.0033,False,0.20757,sweep_out/tfake_landmark/annotated/sub4_0.8m_straight_02_0002__both.png
singlestage_sahi_v1,sub4_0.8m_straight_03_0003.png,none,0.0,0.0,False,4.07942,
singlestage_sahi_v2_cascade,sub4_0.8m_straight_03_0003.png,none,0.0,0.0,False,7.97412,
twostage_fixedzoom,sub4_0.8m_straight_03_0003.png,none,0.0,0.0,False,0.38491,
twostage_adaptivezoom,sub4_0.8m_straight_03_0003.png,none,0.0,0.0,False,0.38819,
tfake_landmark,sub4_0.8m_straight_03_0003.png,none,0.0,0.0,False,0.1239,
singlestage_sahi_v1,sub5_0.8m_left_occluded_turn_left_01_0022.png,none,0.0,0.0,False,4.08516,
singlestage_sahi_v2_cascade,sub5_0.8m_left_occluded_turn_left_01_0022.png,none,0.0,0.0,False,8.37914,
twostage_fixedzoom,sub5_0.8m_left_occluded_turn_left_01_0022.png,none,0.0,0.0,False,0.31199,
twostage_adaptivezoom,sub5_0.8m_left_occluded_turn_left_01_0022.png,none,0.0,0.0,False,0.32787,
tfake_landmark,sub5_0.8m_left_occluded_turn_left_01_0022.png,none,0.0,0.0,False,0.10027,
singlestage_sahi_v1,sub5_0.8m_left_occluded_turn_left_02_0023.png,none,0.0,0.0,False,4.00639,
singlestage_sahi_v2_cascade,sub5_0.8m_left_occluded_turn_left_02_0023.png,none,0.0,0.0,False,8.31053,
twostage_fixedzoom,sub5_0.8m_left_occluded_turn_left_02_0023.png,none,0.0,0.0,False,0.30826,
twostage_adaptivezoom,sub5_0.8m_left_occluded_turn_left_02_0023.png,none,0.0,0.0,False,0.30834,
tfake_landmark,sub5_0.8m_left_occluded_turn_left_02_0023.png,none,0.0,0.0,False,0.09688,
singlestage_sahi_v1,sub5_0.8m_left_occluded_turn_left_03_0024.png,none,0.0,0.0,False,4.18989,
singlestage_sahi_v2_cascade,sub5_0.8m_left_occluded_turn_left_03_0024.png,none,0.0,0.0,False,8.29838,
twostage_fixedzoom,sub5_0.8m_left_occluded_turn_left_03_0024.png,none,0.0,0.0,False,0.31459,
twostage_adaptivezoom,sub5_0.8m_left_occluded_turn_left_03_0024.png,none,0.0,0.0,False,0.31069,
tfake_landmark,sub5_0.8m_left_occluded_turn_left_03_0024.png,none,0.0,0.0,False,0.09615,
singlestage_sahi_v1,sub5_0.8m_left_occluded_turn_right_01_0016.png,none,0.0,0.0,False,4.06934,
singlestage_sahi_v2_cascade,sub5_0.8m_left_occluded_turn_right_01_0016.png,none,0.0,0.0,False,8.48302,
twostage_fixedzoom,sub5_0.8m_left_occluded_turn_right_01_0016.png,none,0.0,0.0,False,0.31192,
twostage_adaptivezoom,sub5_0.8m_left_occluded_turn_right_01_0016.png,none,0.0,0.0,False,0.31127,
tfake_landmark,sub5_0.8m_left_occluded_turn_right_01_0016.png,none,0.0,0.0,False,0.10127,
singlestage_sahi_v1,sub5_0.8m_left_occluded_turn_right_02_0017.png,none,0.0,0.0,False,4.03266,
singlestage_sahi_v2_cascade,sub5_0.8m_left_occluded_turn_right_02_0017.png,none,0.0,0.0,False,8.22555,
twostage_fixedzoom,sub5_0.8m_left_occluded_turn_right_02_0017.png,none,0.0,0.0,False,0.31768,
twostage_adaptivezoom,sub5_0.8m_left_occluded_turn_right_02_0017.png,none,0.0,0.0,False,0.31512,
tfake_landmark,sub5_0.8m_left_occluded_turn_right_02_0017.png,none,0.0,0.0,False,0.10998,
singlestage_sahi_v1,sub5_0.8m_left_occluded_turn_right_03_0018.png,none,0.0,0.0,False,4.02066,
singlestage_sahi_v2_cascade,sub5_0.8m_left_occluded_turn_right_03_0018.png,none,0.0,0.0,False,8.28945,
twostage_fixedzoom,sub5_0.8m_left_occluded_turn_right_03_0018.png,none,0.0,0.0,False,0.38122,
twostage_adaptivezoom,sub5_0.8m_left_occluded_turn_right_03_0018.png,none,0.0,0.0,False,0.38587,
tfake_landmark,sub5_0.8m_left_occluded_turn_right_03_0018.png,both,0.0013,0.0014,False,0.19815,sweep_out/tfake_landmark/annotated/sub5_0.8m_left_occluded_turn_right_03_0018__both.png
singlestage_sahi_v1,sub5_0.8m_near_left_01_0007.png,none,0.0,0.0,False,4.03606,
singlestage_sahi_v2_cascade,sub5_0.8m_near_left_01_0007.png,left_only,0.3447,0.0,False,8.37862,sweep_out/singlestage_sahi_v2_cascade/annotated/sub5_0.8m_near_left_01_0007__left_only.png
twostage_fixedzoom,sub5_0.8m_near_left_01_0007.png,none,0.0,0.0,False,0.32081,
twostage_adaptivezoom,sub5_0.8m_near_left_01_0007.png,none,0.0,0.0,False,0.31855,
tfake_landmark,sub5_0.8m_near_left_01_0007.png,none,0.0,0.0,False,0.10536,
singlestage_sahi_v1,sub5_0.8m_near_left_02_0008.png,none,0.0,0.0,False,4.04781,
singlestage_sahi_v2_cascade,sub5_0.8m_near_left_02_0008.png,none,0.0,0.0,False,8.45852,
twostage_fixedzoom,sub5_0.8m_near_left_02_0008.png,none,0.0,0.0,False,0.31132,
twostage_adaptivezoom,sub5_0.8m_near_left_02_0008.png,none,0.0,0.0,False,0.38244,
tfake_landmark,sub5_0.8m_near_left_02_0008.png,none,0.0,0.0,False,0.10628,
singlestage_sahi_v1,sub5_0.8m_near_left_03_0009.png,none,0.0,0.0,False,4.1075,
singlestage_sahi_v2_cascade,sub5_0.8m_near_left_03_0009.png,left_only,0.2721,0.0,False,8.00581,sweep_out/singlestage_sahi_v2_cascade/annotated/sub5_0.8m_near_left_03_0009__left_only.png
twostage_fixedzoom,sub5_0.8m_near_left_03_0009.png,none,0.0,0.0,False,0.38745,
twostage_adaptivezoom,sub5_0.8m_near_left_03_0009.png,none,0.0,0.0,False,0.39118,
tfake_landmark,sub5_0.8m_near_left_03_0009.png,both,0.0012,0.0013,False,0.20738,sweep_out/tfake_landmark/annotated/sub5_0.8m_near_left_03_0009__both.png
singlestage_sahi_v1,sub5_0.8m_near_right_01_0013.png,none,0.0,0.0,False,4.10049,
singlestage_sahi_v2_cascade,sub5_0.8m_near_right_01_0013.png,none,0.0,0.0,False,8.62733,
twostage_fixedzoom,sub5_0.8m_near_right_01_0013.png,none,0.0,0.0,False,0.38208,
twostage_adaptivezoom,sub5_0.8m_near_right_01_0013.png,none,0.0,0.0,False,0.31998,
tfake_landmark,sub5_0.8m_near_right_01_0013.png,none,0.0,0.0,False,0.10659,
singlestage_sahi_v1,sub5_0.8m_near_right_02_0014.png,none,0.0,0.0,False,4.1424,
singlestage_sahi_v2_cascade,sub5_0.8m_near_right_02_0014.png,none,0.0,0.0,False,8.48822,
twostage_fixedzoom,sub5_0.8m_near_right_02_0014.png,none,0.0,0.0,False,0.3142,
twostage_adaptivezoom,sub5_0.8m_near_right_02_0014.png,none,0.0,0.0,False,0.38682,
tfake_landmark,sub5_0.8m_near_right_02_0014.png,none,0.0,0.0,False,0.13278,
singlestage_sahi_v1,sub5_0.8m_near_right_03_0015.png,none,0.0,0.0,False,4.02119,
singlestage_sahi_v2_cascade,sub5_0.8m_near_right_03_0015.png,left_only,0.3702,0.0,False,8.45501,sweep_out/singlestage_sahi_v2_cascade/annotated/sub5_0.8m_near_right_03_0015__left_only.png
twostage_fixedzoom,sub5_0.8m_near_right_03_0015.png,none,0.0,0.0,False,0.38552,
twostage_adaptivezoom,sub5_0.8m_near_right_03_0015.png,none,0.0,0.0,False,0.31551,
tfake_landmark,sub5_0.8m_near_right_03_0015.png,none,0.0,0.0,False,0.10332,
singlestage_sahi_v1,sub5_0.8m_right_occluded_turn_left_01_0019.png,none,0.0,0.0,False,4.05695,
singlestage_sahi_v2_cascade,sub5_0.8m_right_occluded_turn_left_01_0019.png,left_only,0.2608,0.0,False,8.25787,sweep_out/singlestage_sahi_v2_cascade/annotated/sub5_0.8m_right_occluded_turn_left_01_0019__left_only.png
twostage_fixedzoom,sub5_0.8m_right_occluded_turn_left_01_0019.png,none,0.0,0.0,False,0.31212,
twostage_adaptivezoom,sub5_0.8m_right_occluded_turn_left_01_0019.png,none,0.0,0.0,False,0.31608,
tfake_landmark,sub5_0.8m_right_occluded_turn_left_01_0019.png,none,0.0,0.0,False,0.10192,
singlestage_sahi_v1,sub5_0.8m_right_occluded_turn_left_02_0020.png,left_only,0.3091,0.0,False,3.99889,sweep_out/singlestage_sahi_v1/annotated/sub5_0.8m_right_occluded_turn_left_02_0020__left_only.png
singlestage_sahi_v2_cascade,sub5_0.8m_right_occluded_turn_left_02_0020.png,none,0.0,0.0,False,8.1436,
twostage_fixedzoom,sub5_0.8m_right_occluded_turn_left_02_0020.png,none,0.0,0.0,False,0.31653,
twostage_adaptivezoom,sub5_0.8m_right_occluded_turn_left_02_0020.png,none,0.0,0.0,False,0.31837,
tfake_landmark,sub5_0.8m_right_occluded_turn_left_02_0020.png,none,0.0,0.0,False,0.10439,
singlestage_sahi_v1,sub5_0.8m_right_occluded_turn_left_03_0021.png,none,0.0,0.0,False,4.04375,
singlestage_sahi_v2_cascade,sub5_0.8m_right_occluded_turn_left_03_0021.png,none,0.0,0.0,False,8.88577,
twostage_fixedzoom,sub5_0.8m_right_occluded_turn_left_03_0021.png,none,0.0,0.0,False,0.38388,
twostage_adaptivezoom,sub5_0.8m_right_occluded_turn_left_03_0021.png,none,0.0,0.0,False,0.39085,
tfake_landmark,sub5_0.8m_right_occluded_turn_left_03_0021.png,none,0.0,0.0,False,0.12998,
singlestage_sahi_v1,sub5_0.8m_slight_left_01_0004.png,none,0.0,0.0,False,4.12124,
singlestage_sahi_v2_cascade,sub5_0.8m_slight_left_01_0004.png,none,0.0,0.0,False,8.97266,
twostage_fixedzoom,sub5_0.8m_slight_left_01_0004.png,none,0.0,0.0,False,0.31654,
twostage_adaptivezoom,sub5_0.8m_slight_left_01_0004.png,none,0.0,0.0,False,0.36629,
tfake_landmark,sub5_0.8m_slight_left_01_0004.png,none,0.0,0.0,False,0.14257,
singlestage_sahi_v1,sub5_0.8m_slight_left_02_0005.png,none,0.0,0.0,False,4.05575,
singlestage_sahi_v2_cascade,sub5_0.8m_slight_left_02_0005.png,none,0.0,0.0,False,9.01803,
twostage_fixedzoom,sub5_0.8m_slight_left_02_0005.png,none,0.0,0.0,False,0.31597,
twostage_adaptivezoom,sub5_0.8m_slight_left_02_0005.png,none,0.0,0.0,False,0.31944,
tfake_landmark,sub5_0.8m_slight_left_02_0005.png,none,0.0,0.0,False,0.10777,
singlestage_sahi_v1,sub5_0.8m_slight_left_03_0006.png,none,0.0,0.0,False,4.12881,
singlestage_sahi_v2_cascade,sub5_0.8m_slight_left_03_0006.png,none,0.0,0.0,False,8.8454,
twostage_fixedzoom,sub5_0.8m_slight_left_03_0006.png,none,0.0,0.0,False,0.3142,
twostage_adaptivezoom,sub5_0.8m_slight_left_03_0006.png,none,0.0,0.0,False,0.32494,
tfake_landmark,sub5_0.8m_slight_left_03_0006.png,none,0.0,0.0,False,0.10515,
singlestage_sahi_v1,sub5_0.8m_slight_right_01_0010.png,left_only,0.3222,0.0,False,4.14649,sweep_out/singlestage_sahi_v1/annotated/sub5_0.8m_slight_right_01_0010__left_only.png
singlestage_sahi_v2_cascade,sub5_0.8m_slight_right_01_0010.png,left_only,0.398,0.0,False,8.48681,sweep_out/singlestage_sahi_v2_cascade/annotated/sub5_0.8m_slight_right_01_0010__left_only.png
twostage_fixedzoom,sub5_0.8m_slight_right_01_0010.png,none,0.0,0.0,False,0.31109,
twostage_adaptivezoom,sub5_0.8m_slight_right_01_0010.png,none,0.0,0.0,False,0.38458,
tfake_landmark,sub5_0.8m_slight_right_01_0010.png,none,0.0,0.0,False,0.15879,
singlestage_sahi_v1,sub5_0.8m_slight_right_02_0011.png,none,0.0,0.0,False,4.01232,
singlestage_sahi_v2_cascade,sub5_0.8m_slight_right_02_0011.png,none,0.0,0.0,False,8.55781,
twostage_fixedzoom,sub5_0.8m_slight_right_02_0011.png,none,0.0,0.0,False,0.38867,
twostage_adaptivezoom,sub5_0.8m_slight_right_02_0011.png,none,0.0,0.0,False,0.38938,
tfake_landmark,sub5_0.8m_slight_right_02_0011.png,none,0.0,0.0,False,0.12963,
singlestage_sahi_v1,sub5_0.8m_slight_right_03_0012.png,none,0.0,0.0,False,4.08149,
singlestage_sahi_v2_cascade,sub5_0.8m_slight_right_03_0012.png,left_only,0.2574,0.0,False,8.74312,sweep_out/singlestage_sahi_v2_cascade/annotated/sub5_0.8m_slight_right_03_0012__left_only.png
twostage_fixedzoom,sub5_0.8m_slight_right_03_0012.png,none,0.0,0.0,False,0.31893,
twostage_adaptivezoom,sub5_0.8m_slight_right_03_0012.png,none,0.0,0.0,False,0.3202,
tfake_landmark,sub5_0.8m_slight_right_03_0012.png,none,0.0,0.0,False,0.12638,
singlestage_sahi_v1,sub5_0.8m_straight_01_0001.png,none,0.0,0.0,False,4.06197,
singlestage_sahi_v2_cascade,sub5_0.8m_straight_01_0001.png,none,0.0,0.0,False,8.5813,
twostage_fixedzoom,sub5_0.8m_straight_01_0001.png,none,0.0,0.0,False,0.38598,
twostage_adaptivezoom,sub5_0.8m_straight_01_0001.png,none,0.0,0.0,False,0.3283,
tfake_landmark,sub5_0.8m_straight_01_0001.png,none,0.0,0.0,False,0.1407,
singlestage_sahi_v1,sub5_0.8m_straight_02_0002.png,none,0.0,0.0,False,4.11069,
singlestage_sahi_v2_cascade,sub5_0.8m_straight_02_0002.png,left_only,0.3314,0.0,False,8.31756,sweep_out/singlestage_sahi_v2_cascade/annotated/sub5_0.8m_straight_02_0002__left_only.png
twostage_fixedzoom,sub5_0.8m_straight_02_0002.png,none,0.0,0.0,False,0.39561,
twostage_adaptivezoom,sub5_0.8m_straight_02_0002.png,none,0.0,0.0,False,0.31569,
tfake_landmark,sub5_0.8m_straight_02_0002.png,none,0.0,0.0,False,0.10286,
singlestage_sahi_v1,sub5_0.8m_straight_03_0003.png,none,0.0,0.0,False,4.16554,
singlestage_sahi_v2_cascade,sub5_0.8m_straight_03_0003.png,left_only,0.3089,0.0,False,8.43327,sweep_out/singlestage_sahi_v2_cascade/annotated/sub5_0.8m_straight_03_0003__left_only.png
twostage_fixedzoom,sub5_0.8m_straight_03_0003.png,none,0.0,0.0,False,0.38998,
twostage_adaptivezoom,sub5_0.8m_straight_03_0003.png,none,0.0,0.0,False,0.39043,
tfake_landmark,sub5_0.8m_straight_03_0003.png,none,0.0,0.0,False,0.13024,
singlestage_sahi_v1,sub6_0.8m_left_occluded_turn_left_01_0022.png,none,0.0,0.0,False,4.08829,
singlestage_sahi_v2_cascade,sub6_0.8m_left_occluded_turn_left_01_0022.png,none,0.0,0.0,False,7.89517,
twostage_fixedzoom,sub6_0.8m_left_occluded_turn_left_01_0022.png,none,0.0,0.0,False,0.39312,
twostage_adaptivezoom,sub6_0.8m_left_occluded_turn_left_01_0022.png,none,0.0,0.0,False,0.39394,
tfake_landmark,sub6_0.8m_left_occluded_turn_left_01_0022.png,none,0.0,0.0,False,0.13186,
singlestage_sahi_v1,sub6_0.8m_left_occluded_turn_left_02_0023.png,none,0.0,0.0,False,3.9554,
singlestage_sahi_v2_cascade,sub6_0.8m_left_occluded_turn_left_02_0023.png,none,0.0,0.0,False,8.20213,
twostage_fixedzoom,sub6_0.8m_left_occluded_turn_left_02_0023.png,none,0.0,0.0,False,0.32977,
twostage_adaptivezoom,sub6_0.8m_left_occluded_turn_left_02_0023.png,none,0.0,0.0,False,0.39578,
tfake_landmark,sub6_0.8m_left_occluded_turn_left_02_0023.png,none,0.0,0.0,False,0.11107,
singlestage_sahi_v1,sub6_0.8m_left_occluded_turn_left_03_0024.png,none,0.0,0.0,False,4.10151,
singlestage_sahi_v2_cascade,sub6_0.8m_left_occluded_turn_left_03_0024.png,none,0.0,0.0,False,9.16577,
twostage_fixedzoom,sub6_0.8m_left_occluded_turn_left_03_0024.png,none,0.0,0.0,False,0.36788,
twostage_adaptivezoom,sub6_0.8m_left_occluded_turn_left_03_0024.png,none,0.0,0.0,False,0.38335,
tfake_landmark,sub6_0.8m_left_occluded_turn_left_03_0024.png,none,0.0,0.0,False,0.14898,
singlestage_sahi_v1,sub6_0.8m_left_occluded_turn_right_01_0016.png,none,0.0,0.0,False,4.02795,
singlestage_sahi_v2_cascade,sub6_0.8m_left_occluded_turn_right_01_0016.png,none,0.0,0.0,False,7.99437,
twostage_fixedzoom,sub6_0.8m_left_occluded_turn_right_01_0016.png,none,0.0,0.0,False,0.30827,
twostage_adaptivezoom,sub6_0.8m_left_occluded_turn_right_01_0016.png,none,0.0,0.0,False,0.31102,
tfake_landmark,sub6_0.8m_left_occluded_turn_right_01_0016.png,none,0.0,0.0,False,0.1029,
singlestage_sahi_v1,sub6_0.8m_left_occluded_turn_right_02_0017.png,none,0.0,0.0,False,3.98991,
singlestage_sahi_v2_cascade,sub6_0.8m_left_occluded_turn_right_02_0017.png,none,0.0,0.0,False,8.58056,
twostage_fixedzoom,sub6_0.8m_left_occluded_turn_right_02_0017.png,none,0.0,0.0,False,0.34388,
twostage_adaptivezoom,sub6_0.8m_left_occluded_turn_right_02_0017.png,none,0.0,0.0,False,0.38508,
tfake_landmark,sub6_0.8m_left_occluded_turn_right_02_0017.png,none,0.0,0.0,False,0.12485,
singlestage_sahi_v1,sub6_0.8m_left_occluded_turn_right_03_0018.png,none,0.0,0.0,False,4.07397,
singlestage_sahi_v2_cascade,sub6_0.8m_left_occluded_turn_right_03_0018.png,none,0.0,0.0,False,8.23005,
twostage_fixedzoom,sub6_0.8m_left_occluded_turn_right_03_0018.png,none,0.0,0.0,False,0.30867,
twostage_adaptivezoom,sub6_0.8m_left_occluded_turn_right_03_0018.png,none,0.0,0.0,False,0.30941,
tfake_landmark,sub6_0.8m_left_occluded_turn_right_03_0018.png,none,0.0,0.0,False,0.09827,
singlestage_sahi_v1,sub6_0.8m_near_left_01_0007.png,none,0.0,0.0,False,4.00139,
singlestage_sahi_v2_cascade,sub6_0.8m_near_left_01_0007.png,left_only,0.2659,0.0,False,8.58326,sweep_out/singlestage_sahi_v2_cascade/annotated/sub6_0.8m_near_left_01_0007__left_only.png
twostage_fixedzoom,sub6_0.8m_near_left_01_0007.png,none,0.0,0.0,False,0.38865,
twostage_adaptivezoom,sub6_0.8m_near_left_01_0007.png,none,0.0,0.0,False,0.35988,
tfake_landmark,sub6_0.8m_near_left_01_0007.png,none,0.0,0.0,False,0.0988,
singlestage_sahi_v1,sub6_0.8m_near_left_02_0008.png,none,0.0,0.0,False,3.94872,
singlestage_sahi_v2_cascade,sub6_0.8m_near_left_02_0008.png,none,0.0,0.0,False,8.43099,
twostage_fixedzoom,sub6_0.8m_near_left_02_0008.png,none,0.0,0.0,False,0.31158,
twostage_adaptivezoom,sub6_0.8m_near_left_02_0008.png,none,0.0,0.0,False,0.32341,
tfake_landmark,sub6_0.8m_near_left_02_0008.png,none,0.0,0.0,False,0.1078,
singlestage_sahi_v1,sub6_0.8m_near_left_03_0009.png,none,0.0,0.0,False,4.13125,
singlestage_sahi_v2_cascade,sub6_0.8m_near_left_03_0009.png,none,0.0,0.0,False,7.81862,
twostage_fixedzoom,sub6_0.8m_near_left_03_0009.png,none,0.0,0.0,False,0.31773,
twostage_adaptivezoom,sub6_0.8m_near_left_03_0009.png,none,0.0,0.0,False,0.31701,
tfake_landmark,sub6_0.8m_near_left_03_0009.png,none,0.0,0.0,False,0.10651,
singlestage_sahi_v1,sub6_0.8m_near_right_01_0013.png,none,0.0,0.0,False,4.0707,
singlestage_sahi_v2_cascade,sub6_0.8m_near_right_01_0013.png,none,0.0,0.0,False,8.28006,
twostage_fixedzoom,sub6_0.8m_near_right_01_0013.png,none,0.0,0.0,False,0.31359,
twostage_adaptivezoom,sub6_0.8m_near_right_01_0013.png,none,0.0,0.0,False,0.3127,
tfake_landmark,sub6_0.8m_near_right_01_0013.png,none,0.0,0.0,False,0.09895,
singlestage_sahi_v1,sub6_0.8m_near_right_02_0014.png,none,0.0,0.0,False,4.07008,
singlestage_sahi_v2_cascade,sub6_0.8m_near_right_02_0014.png,none,0.0,0.0,False,8.1895,
twostage_fixedzoom,sub6_0.8m_near_right_02_0014.png,none,0.0,0.0,False,0.30905,
twostage_adaptivezoom,sub6_0.8m_near_right_02_0014.png,none,0.0,0.0,False,0.31442,
tfake_landmark,sub6_0.8m_near_right_02_0014.png,none,0.0,0.0,False,0.09897,
singlestage_sahi_v1,sub6_0.8m_near_right_03_0015.png,none,0.0,0.0,False,4.08456,
singlestage_sahi_v2_cascade,sub6_0.8m_near_right_03_0015.png,none,0.0,0.0,False,8.3906,
twostage_fixedzoom,sub6_0.8m_near_right_03_0015.png,none,0.0,0.0,False,0.31753,
twostage_adaptivezoom,sub6_0.8m_near_right_03_0015.png,none,0.0,0.0,False,0.31944,
tfake_landmark,sub6_0.8m_near_right_03_0015.png,none,0.0,0.0,False,0.11805,
singlestage_sahi_v1,sub6_0.8m_right_occluded_turn_left_01_0019.png,none,0.0,0.0,False,4.03222,
singlestage_sahi_v2_cascade,sub6_0.8m_right_occluded_turn_left_01_0019.png,none,0.0,0.0,False,9.10468,
twostage_fixedzoom,sub6_0.8m_right_occluded_turn_left_01_0019.png,none,0.0,0.0,False,0.31115,
twostage_adaptivezoom,sub6_0.8m_right_occluded_turn_left_01_0019.png,none,0.0,0.0,False,0.31501,
tfake_landmark,sub6_0.8m_right_occluded_turn_left_01_0019.png,none,0.0,0.0,False,0.10267,
singlestage_sahi_v1,sub6_0.8m_right_occluded_turn_left_02_0020.png,none,0.0,0.0,False,4.10843,
singlestage_sahi_v2_cascade,sub6_0.8m_right_occluded_turn_left_02_0020.png,none,0.0,0.0,False,9.00332,
twostage_fixedzoom,sub6_0.8m_right_occluded_turn_left_02_0020.png,none,0.0,0.0,False,0.31753,
twostage_adaptivezoom,sub6_0.8m_right_occluded_turn_left_02_0020.png,none,0.0,0.0,False,0.31823,
tfake_landmark,sub6_0.8m_right_occluded_turn_left_02_0020.png,none,0.0,0.0,False,0.10572,
singlestage_sahi_v1,sub6_0.8m_right_occluded_turn_left_03_0021.png,none,0.0,0.0,False,4.09903,
singlestage_sahi_v2_cascade,sub6_0.8m_right_occluded_turn_left_03_0021.png,none,0.0,0.0,False,8.27326,
twostage_fixedzoom,sub6_0.8m_right_occluded_turn_left_03_0021.png,none,0.0,0.0,False,0.39637,
twostage_adaptivezoom,sub6_0.8m_right_occluded_turn_left_03_0021.png,none,0.0,0.0,False,0.38796,
tfake_landmark,sub6_0.8m_right_occluded_turn_left_03_0021.png,none,0.0,0.0,False,0.10481,
singlestage_sahi_v1,sub6_0.8m_right_occluded_turn_right_01_0025.png,none,0.0,0.0,False,4.0834,
singlestage_sahi_v2_cascade,sub6_0.8m_right_occluded_turn_right_01_0025.png,none,0.0,0.0,False,8.91058,
twostage_fixedzoom,sub6_0.8m_right_occluded_turn_right_01_0025.png,none,0.0,0.0,False,0.3874,
twostage_adaptivezoom,sub6_0.8m_right_occluded_turn_right_01_0025.png,none,0.0,0.0,False,0.3272,
tfake_landmark,sub6_0.8m_right_occluded_turn_right_01_0025.png,none,0.0,0.0,False,0.10014,
singlestage_sahi_v1,sub6_0.8m_right_occluded_turn_right_02_0026.png,none,0.0,0.0,False,4.03504,
singlestage_sahi_v2_cascade,sub6_0.8m_right_occluded_turn_right_02_0026.png,none,0.0,0.0,False,7.90173,
twostage_fixedzoom,sub6_0.8m_right_occluded_turn_right_02_0026.png,none,0.0,0.0,False,0.32009,
twostage_adaptivezoom,sub6_0.8m_right_occluded_turn_right_02_0026.png,none,0.0,0.0,False,0.31966,
tfake_landmark,sub6_0.8m_right_occluded_turn_right_02_0026.png,none,0.0,0.0,False,0.10757,
singlestage_sahi_v1,sub6_0.8m_right_occluded_turn_right_03_0027.png,none,0.0,0.0,False,4.18238,
singlestage_sahi_v2_cascade,sub6_0.8m_right_occluded_turn_right_03_0027.png,none,0.0,0.0,False,9.18816,
twostage_fixedzoom,sub6_0.8m_right_occluded_turn_right_03_0027.png,none,0.0,0.0,False,0.38408,
twostage_adaptivezoom,sub6_0.8m_right_occluded_turn_right_03_0027.png,none,0.0,0.0,False,0.3944,
tfake_landmark,sub6_0.8m_right_occluded_turn_right_03_0027.png,none,0.0,0.0,False,0.13628,
singlestage_sahi_v1,sub6_0.8m_slight_left_01_0004.png,none,0.0,0.0,False,4.04567,
singlestage_sahi_v2_cascade,sub6_0.8m_slight_left_01_0004.png,none,0.0,0.0,False,7.9014,
twostage_fixedzoom,sub6_0.8m_slight_left_01_0004.png,none,0.0,0.0,False,0.31633,
twostage_adaptivezoom,sub6_0.8m_slight_left_01_0004.png,none,0.0,0.0,False,0.31957,
tfake_landmark,sub6_0.8m_slight_left_01_0004.png,none,0.0,0.0,False,0.10406,
singlestage_sahi_v1,sub6_0.8m_slight_left_02_0005.png,none,0.0,0.0,False,4.17503,
singlestage_sahi_v2_cascade,sub6_0.8m_slight_left_02_0005.png,none,0.0,0.0,False,8.1076,
twostage_fixedzoom,sub6_0.8m_slight_left_02_0005.png,none,0.0,0.0,False,0.32132,
twostage_adaptivezoom,sub6_0.8m_slight_left_02_0005.png,none,0.0,0.0,False,0.31754,
tfake_landmark,sub6_0.8m_slight_left_02_0005.png,none,0.0,0.0,False,0.10356,
singlestage_sahi_v1,sub6_0.8m_slight_left_03_0006.png,none,0.0,0.0,False,4.0519,
singlestage_sahi_v2_cascade,sub6_0.8m_slight_left_03_0006.png,none,0.0,0.0,False,8.73297,
twostage_fixedzoom,sub6_0.8m_slight_left_03_0006.png,none,0.0,0.0,False,0.38578,
twostage_adaptivezoom,sub6_0.8m_slight_left_03_0006.png,none,0.0,0.0,False,0.38526,
tfake_landmark,sub6_0.8m_slight_left_03_0006.png,none,0.0,0.0,False,0.13159,
singlestage_sahi_v1,sub6_0.8m_slight_right_01_0010.png,none,0.0,0.0,False,4.03562,
singlestage_sahi_v2_cascade,sub6_0.8m_slight_right_01_0010.png,none,0.0,0.0,False,8.94559,
twostage_fixedzoom,sub6_0.8m_slight_right_01_0010.png,none,0.0,0.0,False,0.31714,
twostage_adaptivezoom,sub6_0.8m_slight_right_01_0010.png,none,0.0,0.0,False,0.31156,
tfake_landmark,sub6_0.8m_slight_right_01_0010.png,none,0.0,0.0,False,0.10425,
singlestage_sahi_v1,sub6_0.8m_slight_right_02_0011.png,none,0.0,0.0,False,4.10043,
singlestage_sahi_v2_cascade,sub6_0.8m_slight_right_02_0011.png,none,0.0,0.0,False,7.75992,
twostage_fixedzoom,sub6_0.8m_slight_right_02_0011.png,none,0.0,0.0,False,0.33636,
twostage_adaptivezoom,sub6_0.8m_slight_right_02_0011.png,none,0.0,0.0,False,0.39185,
tfake_landmark,sub6_0.8m_slight_right_02_0011.png,none,0.0,0.0,False,0.12598,
singlestage_sahi_v1,sub6_0.8m_slight_right_03_0012.png,none,0.0,0.0,False,4.12663,
singlestage_sahi_v2_cascade,sub6_0.8m_slight_right_03_0012.png,none,0.0,0.0,False,8.45936,
twostage_fixedzoom,sub6_0.8m_slight_right_03_0012.png,none,0.0,0.0,False,0.31733,
twostage_adaptivezoom,sub6_0.8m_slight_right_03_0012.png,none,0.0,0.0,False,0.32036,
tfake_landmark,sub6_0.8m_slight_right_03_0012.png,none,0.0,0.0,False,0.11308,
singlestage_sahi_v1,sub6_0.8m_straight_01_0001.png,none,0.0,0.0,False,4.01787,
singlestage_sahi_v2_cascade,sub6_0.8m_straight_01_0001.png,none,0.0,0.0,False,8.30476,
twostage_fixedzoom,sub6_0.8m_straight_01_0001.png,none,0.0,0.0,False,0.38173,
twostage_adaptivezoom,sub6_0.8m_straight_01_0001.png,none,0.0,0.0,False,0.32436,
tfake_landmark,sub6_0.8m_straight_01_0001.png,none,0.0,0.0,False,0.10175,
singlestage_sahi_v1,sub6_0.8m_straight_02_0002.png,none,0.0,0.0,False,4.03215,
singlestage_sahi_v2_cascade,sub6_0.8m_straight_02_0002.png,none,0.0,0.0,False,8.44934,
twostage_fixedzoom,sub6_0.8m_straight_02_0002.png,none,0.0,0.0,False,0.31253,
twostage_adaptivezoom,sub6_0.8m_straight_02_0002.png,none,0.0,0.0,False,0.31243,
tfake_landmark,sub6_0.8m_straight_02_0002.png,none,0.0,0.0,False,0.12525,
singlestage_sahi_v1,sub6_0.8m_straight_03_0003.png,none,0.0,0.0,False,4.10924,
singlestage_sahi_v2_cascade,sub6_0.8m_straight_03_0003.png,none,0.0,0.0,False,8.53682,
twostage_fixedzoom,sub6_0.8m_straight_03_0003.png,none,0.0,0.0,False,0.31242,
twostage_adaptivezoom,sub6_0.8m_straight_03_0003.png,none,0.0,0.0,False,0.3156,
tfake_landmark,sub6_0.8m_straight_03_0003.png,none,0.0,0.0,False,0.09937,
singlestage_sahi_v1,sub6_1.2m_slight_left_01_0031.png,none,0.0,0.0,False,4.10041,
singlestage_sahi_v2_cascade,sub6_1.2m_slight_left_01_0031.png,none,0.0,0.0,False,7.87366,
twostage_fixedzoom,sub6_1.2m_slight_left_01_0031.png,none,0.0,0.0,False,0.34466,
twostage_adaptivezoom,sub6_1.2m_slight_left_01_0031.png,none,0.0,0.0,False,0.31163,
tfake_landmark,sub6_1.2m_slight_left_01_0031.png,none,0.0,0.0,False,0.09953,
singlestage_sahi_v1,sub6_1.2m_slight_left_02_0032.png,none,0.0,0.0,False,4.08604,
singlestage_sahi_v2_cascade,sub6_1.2m_slight_left_02_0032.png,none,0.0,0.0,False,7.74652,
twostage_fixedzoom,sub6_1.2m_slight_left_02_0032.png,none,0.0,0.0,False,0.31335,
twostage_adaptivezoom,sub6_1.2m_slight_left_02_0032.png,none,0.0,0.0,False,0.31636,
tfake_landmark,sub6_1.2m_slight_left_02_0032.png,none,0.0,0.0,False,0.09715,
singlestage_sahi_v1,sub6_1.2m_slight_left_03_0033.png,none,0.0,0.0,False,4.06655,
singlestage_sahi_v2_cascade,sub6_1.2m_slight_left_03_0033.png,none,0.0,0.0,False,8.1174,
twostage_fixedzoom,sub6_1.2m_slight_left_03_0033.png,none,0.0,0.0,False,0.3118,
twostage_adaptivezoom,sub6_1.2m_slight_left_03_0033.png,none,0.0,0.0,False,0.31234,
tfake_landmark,sub6_1.2m_slight_left_03_0033.png,none,0.0,0.0,False,0.1002,
singlestage_sahi_v1,sub6_1.2m_straight_01_0028.png,none,0.0,0.0,False,4.20538,
singlestage_sahi_v2_cascade,sub6_1.2m_straight_01_0028.png,none,0.0,0.0,False,8.95927,
twostage_fixedzoom,sub6_1.2m_straight_01_0028.png,none,0.0,0.0,False,0.36498,
twostage_adaptivezoom,sub6_1.2m_straight_01_0028.png,none,0.0,0.0,False,0.38022,
tfake_landmark,sub6_1.2m_straight_01_0028.png,none,0.0,0.0,False,0.12092,
singlestage_sahi_v1,sub6_1.2m_straight_02_0029.png,none,0.0,0.0,False,4.1419,
singlestage_sahi_v2_cascade,sub6_1.2m_straight_02_0029.png,none,0.0,0.0,False,8.0035,
twostage_fixedzoom,sub6_1.2m_straight_02_0029.png,none,0.0,0.0,False,0.32095,
twostage_adaptivezoom,sub6_1.2m_straight_02_0029.png,none,0.0,0.0,False,0.3201,
tfake_landmark,sub6_1.2m_straight_02_0029.png,none,0.0,0.0,False,0.10773,
singlestage_sahi_v1,sub6_1.2m_straight_03_0030.png,none,0.0,0.0,False,4.10101,
singlestage_sahi_v2_cascade,sub6_1.2m_straight_03_0030.png,none,0.0,0.0,False,8.47715,
twostage_fixedzoom,sub6_1.2m_straight_03_0030.png,none,0.0,0.0,False,0.31016,
twostage_adaptivezoom,sub6_1.2m_straight_03_0030.png,none,0.0,0.0,False,0.30923,
tfake_landmark,sub6_1.2m_straight_03_0030.png,none,0.0,0.0,False,0.09705,
